id,Season,city,date,team1,team2,toss_winner,toss_decision,result,dl_applied,winner,win_by_runs,win_by_wickets,player_of_match,venue,umpire1,umpire2,umpire3
1,IPL-2008,Bangalore,18-04-2008,Kolkata Knight Riders,Royal Challengers Bangalore,Royal Challengers Bangalore,field,normal,1,Kolkata Knight Riders,140.0,0.0,BB McCullum,M Chinnaswamy Stadium,,,
2,IPL-2008,Chandigarh,19-04-2008,Chennai Super Kings,Punjab Kings,Chennai Super Kings,bat,normal,1,Chennai Super Kings,33.0,0.0,MEK Hussey,"Punjab Cricket Association Stadium, Mohali",,,
3,IPL-2008,Delhi,19-04-2008,Rajasthan Royals,Delhi Capitals,Rajasthan Royals,bat,normal,1,Delhi Capitals,0.0,9.0,MF Maharoof,Feroz Shah Kotla,,,
4,IPL-2008,Mumbai,20-04-2008,Mumbai Indians,Royal Challengers Bangalore,Mumbai Indians,bat,normal,1,Royal Challengers Bangalore,0.0,5.0,MV Boucher,Wankhede Stadium,,,
5,IPL-2008,Kolkata,20-04-2008,Deccan Chargers,Kolkata Knight Riders,Deccan Chargers,bat,normal,1,Kolkata Knight Riders,0.0,5.0,DJ Hussey,Eden Gardens,,,
6,IPL-2008,Jaipur,21-04-2008,Punjab Kings,Rajasthan Royals,Punjab Kings,bat,normal,1,Rajasthan Royals,0.0,6.0,SR Watson,Sawai Mansingh Stadium,,,
7,IPL-2008,Hyderabad,22-04-2008,Deccan Chargers,Delhi Capitals,Deccan Chargers,bat,normal,1,Delhi Capitals,0.0,9.0,V Sehwag,"Rajiv Gandhi International Stadium, Uppal",,,
8,IPL-2008,Chennai,23-04-2008,Chennai Super Kings,Mumbai Indians,Mumbai Indians,field,normal,1,Chennai Super Kings,6.0,0.0,ML Hayden,"MA Chidambaram Stadium, Chepauk",,,
9,IPL-2008,Hyderabad,24-04-2008,Deccan Chargers,Rajasthan Royals,Rajasthan Royals,field,normal,1,Rajasthan Royals,0.0,3.0,YK Pathan,"Rajiv Gandhi International Stadium, Uppal",,,
10,IPL-2008,Chandigarh,25-04-2008,Punjab Kings,Mumbai Indians,Mumbai Indians,field,normal,1,Punjab Kings,66.0,0.0,KC Sangakkara,"Punjab Cricket Association Stadium, Mohali",,,
11,IPL-2008,Bangalore,26-04-2008,Royal Challengers Bangalore,Rajasthan Royals,Rajasthan Royals,field,normal,1,Rajasthan Royals,0.0,7.0,SR Watson,M Chinnaswamy Stadium,,,
12,IPL-2008,Chennai,26-04-2008,Kolkata Knight Riders,Chennai Super Kings,Kolkata Knight Riders,bat,normal,1,Chennai Super Kings,0.0,9.0,JDP Oram,"MA Chidambaram Stadium, Chepauk",,,
13,IPL-2008,Mumbai,27-04-2008,Mumbai Indians,Deccan Chargers,Deccan Chargers,field,normal,1,Deccan Chargers,0.0,10.0,AC Gilchrist,Dr DY Patil Sports Academy,,,
14,IPL-2008,Chandigarh,27-04-2008,Delhi Capitals,Punjab Kings,Delhi Capitals,bat,normal,1,Punjab Kings,0.0,4.0,SM Katich,"Punjab Cricket Association Stadium, Mohali",,,
15,IPL-2008,Bangalore,28-04-2008,Chennai Super Kings,Royal Challengers Bangalore,Chennai Super Kings,bat,normal,1,Chennai Super Kings,13.0,0.0,MS Dhoni,M Chinnaswamy Stadium,,,
16,IPL-2008,Kolkata,29-04-2008,Kolkata Knight Riders,Mumbai Indians,Kolkata Knight Riders,bat,normal,1,Mumbai Indians,0.0,7.0,ST Jayasuriya,Eden Gardens,,,
17,IPL-2008,Delhi,30-04-2008,Delhi Capitals,Royal Challengers Bangalore,Royal Challengers Bangalore,field,normal,1,Delhi Capitals,10.0,0.0,GD McGrath,Feroz Shah Kotla,,,
18,IPL-2008,Hyderabad,01-05-2008,Deccan Chargers,Punjab Kings,Punjab Kings,field,normal,1,Punjab Kings,0.0,7.0,SE Marsh,"Rajiv Gandhi International Stadium, Uppal",,,
19,IPL-2008,Jaipur,01-05-2008,Rajasthan Royals,Kolkata Knight Riders,Rajasthan Royals,bat,normal,1,Rajasthan Royals,45.0,0.0,SA Asnodkar,Sawai Mansingh Stadium,,,
20,IPL-2008,Chennai,02-05-2008,Chennai Super Kings,Delhi Capitals,Chennai Super Kings,bat,normal,1,Delhi Capitals,0.0,8.0,V Sehwag,"MA Chidambaram Stadium, Chepauk",,,
21,IPL-2008,Chandigarh,03-05-2008,Punjab Kings,Kolkata Knight Riders,Punjab Kings,bat,normal,1,Punjab Kings,9.0,0.0,IK Pathan,"Punjab Cricket Association Stadium, Mohali",,,
22,IPL-2008,Bangalore,03-05-2008,Royal Challengers Bangalore,Deccan Chargers,Deccan Chargers,field,normal,1,Royal Challengers Bangalore,3.0,0.0,P Kumar,M Chinnaswamy Stadium,,,
23,IPL-2008,Mumbai,04-05-2008,Mumbai Indians,Delhi Capitals,Delhi Capitals,field,normal,1,Mumbai Indians,29.0,0.0,SM Pollock,Dr DY Patil Sports Academy,,,
24,IPL-2008,Jaipur,04-05-2008,Chennai Super Kings,Rajasthan Royals,Chennai Super Kings,bat,normal,1,Rajasthan Royals,0.0,8.0,Sohail Tanvir,Sawai Mansingh Stadium,,,
25,IPL-2008,Bangalore,05-05-2008,Royal Challengers Bangalore,Punjab Kings,Punjab Kings,field,normal,1,Punjab Kings,0.0,6.0,S Sreesanth,M Chinnaswamy Stadium,,,
26,IPL-2008,Chennai,06-05-2008,Chennai Super Kings,Deccan Chargers,Deccan Chargers,field,normal,1,Deccan Chargers,0.0,7.0,AC Gilchrist,"MA Chidambaram Stadium, Chepauk",,,
27,IPL-2008,Mumbai,07-05-2008,Rajasthan Royals,Mumbai Indians,Mumbai Indians,field,normal,1,Mumbai Indians,0.0,7.0,A Nehra,Dr DY Patil Sports Academy,,,
28,IPL-2008,Delhi,08-05-2008,Delhi Capitals,Chennai Super Kings,Chennai Super Kings,field,normal,1,Chennai Super Kings,0.0,4.0,MS Dhoni,Feroz Shah Kotla,,,
29,IPL-2008,Kolkata,08-05-2008,Kolkata Knight Riders,Royal Challengers Bangalore,Kolkata Knight Riders,bat,normal,1,Kolkata Knight Riders,5.0,0.0,SC Ganguly,Eden Gardens,,,
30,IPL-2008,Jaipur,09-05-2008,Deccan Chargers,Rajasthan Royals,Rajasthan Royals,field,normal,1,Rajasthan Royals,0.0,8.0,YK Pathan,Sawai Mansingh Stadium,,,
31,IPL-2008,Chennai,10-05-2008,Chennai Super Kings,Punjab Kings,Punjab Kings,field,normal,1,Chennai Super Kings,18.0,0.0,L Balaji,"MA Chidambaram Stadium, Chepauk",,,
32,IPL-2008,Hyderabad,11-05-2008,Kolkata Knight Riders,Deccan Chargers,Kolkata Knight Riders,bat,normal,1,Kolkata Knight Riders,23.0,0.0,SC Ganguly,"Rajiv Gandhi International Stadium, Uppal",,,
33,IPL-2008,Jaipur,11-05-2008,Delhi Capitals,Rajasthan Royals,Rajasthan Royals,field,normal,1,Rajasthan Royals,0.0,3.0,SR Watson,Sawai Mansingh Stadium,,,
34,IPL-2008,Chandigarh,12-05-2008,Royal Challengers Bangalore,Punjab Kings,Royal Challengers Bangalore,bat,normal,1,Punjab Kings,0.0,9.0,SE Marsh,"Punjab Cricket Association Stadium, Mohali",,,
35,IPL-2008,Kolkata,13-05-2008,Kolkata Knight Riders,Delhi Capitals,Kolkata Knight Riders,bat,normal,1,Kolkata Knight Riders,23.0,0.0,Shoaib Akhtar,Eden Gardens,,,
36,IPL-2008,Mumbai,14-05-2008,Chennai Super Kings,Mumbai Indians,Mumbai Indians,field,normal,1,Mumbai Indians,0.0,9.0,ST Jayasuriya,Wankhede Stadium,,,
37,IPL-2008,Delhi,15-05-2008,Delhi Capitals,Deccan Chargers,Deccan Chargers,field,normal,1,Delhi Capitals,12.0,0.0,A Mishra,Feroz Shah Kotla,,,
38,IPL-2008,Mumbai,16-05-2008,Kolkata Knight Riders,Mumbai Indians,Mumbai Indians,field,normal,1,Mumbai Indians,0.0,8.0,SM Pollock,Wankhede Stadium,,,
39,IPL-2008,Delhi,17-05-2008,Delhi Capitals,Punjab Kings,Delhi Capitals,bat,normal,1,Punjab Kings,6.0,0.0,DPMD Jayawardene,Feroz Shah Kotla,,,
40,IPL-2008,Jaipur,17-05-2008,Rajasthan Royals,Royal Challengers Bangalore,Royal Challengers Bangalore,field,normal,1,Rajasthan Royals,65.0,0.0,GC Smith,Sawai Mansingh Stadium,,,
41,IPL-2008,Hyderabad,18-05-2008,Mumbai Indians,Deccan Chargers,Deccan Chargers,field,normal,1,Mumbai Indians,25.0,0.0,DJ Bravo,"Rajiv Gandhi International Stadium, Uppal",,,
42,IPL-2008,Kolkata,18-05-2008,Kolkata Knight Riders,Chennai Super Kings,Kolkata Knight Riders,bat,normal,1,Chennai Super Kings,3.0,0.0,M Ntini,Eden Gardens,,,
43,IPL-2008,Bangalore,19-05-2008,Royal Challengers Bangalore,Delhi Capitals,Delhi Capitals,field,normal,1,Delhi Capitals,0.0,5.0,SP Goswami,M Chinnaswamy Stadium,,,
44,IPL-2008,Kolkata,20-05-2008,Kolkata Knight Riders,Rajasthan Royals,Rajasthan Royals,field,normal,1,Rajasthan Royals,0.0,6.0,YK Pathan,Eden Gardens,,,
45,IPL-2008,Mumbai,21-05-2008,Punjab Kings,Mumbai Indians,Mumbai Indians,field,normal,1,Punjab Kings,1.0,0.0,SE Marsh,Wankhede Stadium,,,
46,IPL-2008,Chennai,21-05-2008,Royal Challengers Bangalore,Chennai Super Kings,Royal Challengers Bangalore,bat,normal,1,Royal Challengers Bangalore,14.0,0.0,A Kumble,"MA Chidambaram Stadium, Chepauk",,,
47,IPL-2008,Chandigarh,23-05-2008,Deccan Chargers,Punjab Kings,Punjab Kings,field,normal,1,Punjab Kings,0.0,6.0,SE Marsh,"Punjab Cricket Association Stadium, Mohali",,,
48,IPL-2008,Delhi,24-05-2008,Mumbai Indians,Delhi Capitals,Delhi Capitals,field,normal,1,Delhi Capitals,0.0,5.0,KD Karthik,Feroz Shah Kotla,,,
49,IPL-2008,Chennai,24-05-2008,Rajasthan Royals,Chennai Super Kings,Rajasthan Royals,bat,normal,1,Rajasthan Royals,10.0,0.0,JA Morkel,"MA Chidambaram Stadium, Chepauk",,,
50,IPL-2008,Hyderabad,25-05-2008,Deccan Chargers,Royal Challengers Bangalore,Deccan Chargers,bat,normal,1,Royal Challengers Bangalore,0.0,5.0,R Vinay Kumar,"Rajiv Gandhi International Stadium, Uppal",,,
51,IPL-2008,Kolkata,25-05-2008,Punjab Kings,Kolkata Knight Riders,Punjab Kings,bat,normal,1,Kolkata Knight Riders,0.0,3.0,Umar Gul,Eden Gardens,,,
52,IPL-2008,Jaipur,26-05-2008,Mumbai Indians,Rajasthan Royals,Rajasthan Royals,field,normal,1,Rajasthan Royals,0.0,5.0,Sohail Tanvir,Sawai Mansingh Stadium,,,
53,IPL-2008,Hyderabad,27-05-2008,Deccan Chargers,Chennai Super Kings,Deccan Chargers,bat,normal,1,Chennai Super Kings,0.0,7.0,SK Raina,"Rajiv Gandhi International Stadium, Uppal",,,
54,IPL-2008,Bangalore,28-05-2008,Royal Challengers Bangalore,Mumbai Indians,Mumbai Indians,field,normal,1,Mumbai Indians,0.0,9.0,CRD Fernando,M Chinnaswamy Stadium,,,
55,IPL-2008,Chandigarh,28-05-2008,Punjab Kings,Rajasthan Royals,Rajasthan Royals,field,normal,1,Punjab Kings,41.0,0.0,SE Marsh,"Punjab Cricket Association Stadium, Mohali",,,
56,IPL-2008,Mumbai,30-05-2008,Rajasthan Royals,Delhi Capitals,Delhi Capitals,field,normal,1,Rajasthan Royals,105.0,0.0,SR Watson,Wankhede Stadium,,,
57,IPL-2008,Mumbai,31-05-2008,Punjab Kings,Chennai Super Kings,Punjab Kings,bat,normal,1,Chennai Super Kings,0.0,9.0,M Ntini,Wankhede Stadium,,,
58,IPL-2008,Mumbai,01-06-2008,Chennai Super Kings,Rajasthan Royals,Rajasthan Royals,field,normal,1,Rajasthan Royals,0.0,3.0,YK Pathan,Dr DY Patil Sports Academy,,,
59,IPL-2009,Cape Town,18-04-2009,Mumbai Indians,Chennai Super Kings,Chennai Super Kings,field,normal,1,Mumbai Indians,19.0,0.0,SR Tendulkar,Newlands,,,
60,IPL-2009,Cape Town,18-04-2009,Royal Challengers Bangalore,Rajasthan Royals,Royal Challengers Bangalore,bat,normal,1,Royal Challengers Bangalore,75.0,0.0,R Dravid,Newlands,,,
61,IPL-2009,Cape Town,19-04-2009,Punjab Kings,Delhi Capitals,Delhi Capitals,field,normal,1,Delhi Capitals,0.0,10.0,DL Vettori,Newlands,,,
62,IPL-2009,Cape Town,19-04-2009,Kolkata Knight Riders,Deccan Chargers,Kolkata Knight Riders,bat,normal,1,Deccan Chargers,0.0,8.0,RP Singh,Newlands,,,
63,IPL-2009,Port Elizabeth,20-04-2009,Chennai Super Kings,Royal Challengers Bangalore,Chennai Super Kings,bat,normal,1,Chennai Super Kings,92.0,0.0,M Muralitharan,St George's Park,,,
64,IPL-2009,Durban,21-04-2009,Punjab Kings,Kolkata Knight Riders,Kolkata Knight Riders,field,normal,1,Kolkata Knight Riders,11.0,0.0,CH Gayle,Kingsmead,,,
65,IPL-2009,Cape Town,22-04-2009,Deccan Chargers,Royal Challengers Bangalore,Deccan Chargers,bat,normal,1,Deccan Chargers,24.0,0.0,AC Gilchrist,Newlands,,,
66,IPL-2009,Durban,23-04-2009,Delhi Capitals,Chennai Super Kings,Delhi Capitals,bat,normal,1,Delhi Capitals,9.0,0.0,AB de Villiers,Kingsmead,,,
67,IPL-2009,Cape Town,23-04-2009,Rajasthan Royals,Kolkata Knight Riders,Kolkata Knight Riders,field,tie,1,Unknown,0.0,0.0,YK Pathan,Newlands,,,
68,IPL-2009,Durban,24-04-2009,Royal Challengers Bangalore,Punjab Kings,Royal Challengers Bangalore,bat,normal,1,Punjab Kings,0.0,7.0,RS Bopara,Kingsmead,,,
69,IPL-2009,Durban,25-04-2009,Deccan Chargers,Mumbai Indians,Deccan Chargers,bat,normal,1,Deccan Chargers,12.0,0.0,PP Ojha,Kingsmead,,,
70,IPL-2009,Port Elizabeth,26-04-2009,Royal Challengers Bangalore,Delhi Capitals,Royal Challengers Bangalore,bat,normal,1,Delhi Capitals,0.0,6.0,TM Dilshan,St George's Park,,,
71,IPL-2009,Cape Town,26-04-2009,Punjab Kings,Rajasthan Royals,Punjab Kings,bat,normal,1,Punjab Kings,27.0,0.0,KC Sangakkara,Newlands,,,
72,IPL-2009,Durban,27-04-2009,Chennai Super Kings,Deccan Chargers,Deccan Chargers,field,normal,1,Deccan Chargers,0.0,6.0,HH Gibbs,Kingsmead,,,
73,IPL-2009,Port Elizabeth,27-04-2009,Mumbai Indians,Kolkata Knight Riders,Mumbai Indians,bat,normal,1,Mumbai Indians,92.0,0.0,SR Tendulkar,St George's Park,,,
74,IPL-2009,Centurion,28-04-2009,Delhi Capitals,Rajasthan Royals,Delhi Capitals,bat,normal,1,Rajasthan Royals,0.0,5.0,YK Pathan,SuperSport Park,,,
75,IPL-2009,Durban,29-04-2009,Kolkata Knight Riders,Royal Challengers Bangalore,Kolkata Knight Riders,bat,normal,1,Royal Challengers Bangalore,0.0,5.0,MV Boucher,Kingsmead,,,
76,IPL-2009,Durban,29-04-2009,Punjab Kings,Mumbai Indians,Punjab Kings,bat,normal,1,Punjab Kings,3.0,0.0,KC Sangakkara,Kingsmead,,,
77,IPL-2009,Centurion,30-04-2009,Deccan Chargers,Delhi Capitals,Delhi Capitals,field,normal,1,Delhi Capitals,0.0,6.0,DP Nannes,SuperSport Park,,,
78,IPL-2009,Centurion,30-04-2009,Chennai Super Kings,Rajasthan Royals,Rajasthan Royals,field,normal,1,Chennai Super Kings,38.0,0.0,SK Raina,SuperSport Park,,,
79,IPL-2009,East London,01-05-2009,Mumbai Indians,Kolkata Knight Riders,Mumbai Indians,bat,normal,1,Mumbai Indians,9.0,0.0,JP Duminy,Buffalo Park,,,
80,IPL-2009,Durban,01-05-2009,Royal Challengers Bangalore,Punjab Kings,Royal Challengers Bangalore,bat,normal,1,Royal Challengers Bangalore,8.0,0.0,Yuvraj Singh,Kingsmead,,,
81,IPL-2009,Port Elizabeth,02-05-2009,Deccan Chargers,Rajasthan Royals,Deccan Chargers,bat,normal,1,Rajasthan Royals,0.0,3.0,YK Pathan,St George's Park,,,
82,IPL-2009,Johannesburg,02-05-2009,Chennai Super Kings,Delhi Capitals,Delhi Capitals,field,normal,1,Chennai Super Kings,18.0,0.0,SB Jakati,New Wanderers Stadium,,,
83,IPL-2009,Port Elizabeth,03-05-2009,Kolkata Knight Riders,Punjab Kings,Kolkata Knight Riders,bat,normal,1,Punjab Kings,0.0,6.0,DPMD Jayawardene,St George's Park,,,
84,IPL-2009,Johannesburg,03-05-2009,Mumbai Indians,Royal Challengers Bangalore,Mumbai Indians,bat,normal,1,Royal Challengers Bangalore,0.0,9.0,JH Kallis,New Wanderers Stadium,,,
85,IPL-2009,East London,04-05-2009,Chennai Super Kings,Deccan Chargers,Chennai Super Kings,bat,normal,1,Chennai Super Kings,78.0,0.0,MS Dhoni,Buffalo Park,,,
86,IPL-2009,Durban,05-05-2009,Rajasthan Royals,Punjab Kings,Punjab Kings,field,normal,1,Rajasthan Royals,78.0,0.0,GC Smith,Kingsmead,,,
87,IPL-2009,Durban,05-05-2009,Kolkata Knight Riders,Delhi Capitals,Kolkata Knight Riders,bat,normal,1,Delhi Capitals,0.0,9.0,G Gambhir,Kingsmead,,,
88,IPL-2009,Centurion,06-05-2009,Deccan Chargers,Mumbai Indians,Deccan Chargers,bat,normal,1,Deccan Chargers,19.0,0.0,RG Sharma,SuperSport Park,,,
89,IPL-2009,Centurion,07-05-2009,Royal Challengers Bangalore,Rajasthan Royals,Rajasthan Royals,field,normal,1,Rajasthan Royals,0.0,7.0,A Singh,SuperSport Park,,,
90,IPL-2009,Centurion,07-05-2009,Chennai Super Kings,Punjab Kings,Chennai Super Kings,bat,normal,1,Chennai Super Kings,12.0,0.0,ML Hayden,SuperSport Park,,,
91,IPL-2009,East London,08-05-2009,Mumbai Indians,Delhi Capitals,Mumbai Indians,bat,normal,1,Delhi Capitals,0.0,7.0,A Nehra,Buffalo Park,,,
92,IPL-2009,Kimberley,09-05-2009,Deccan Chargers,Punjab Kings,Punjab Kings,field,normal,1,Punjab Kings,0.0,3.0,DPMD Jayawardene,De Beers Diamond Oval,,,
93,IPL-2009,Kimberley,09-05-2009,Rajasthan Royals,Chennai Super Kings,Rajasthan Royals,bat,normal,1,Chennai Super Kings,0.0,7.0,S Badrinath,De Beers Diamond Oval,,,
94,IPL-2009,Port Elizabeth,10-05-2009,Mumbai Indians,Royal Challengers Bangalore,Mumbai Indians,bat,normal,1,Mumbai Indians,16.0,0.0,JP Duminy,St George's Park,,,
95,IPL-2009,Johannesburg,10-05-2009,Kolkata Knight Riders,Delhi Capitals,Delhi Capitals,field,normal,1,Delhi Capitals,0.0,7.0,A Mishra,New Wanderers Stadium,,,
96,IPL-2009,Kimberley,11-05-2009,Deccan Chargers,Rajasthan Royals,Deccan Chargers,bat,normal,1,Deccan Chargers,53.0,0.0,DR Smith,De Beers Diamond Oval,,,
97,IPL-2009,Centurion,12-05-2009,Kolkata Knight Riders,Royal Challengers Bangalore,Royal Challengers Bangalore,field,normal,1,Royal Challengers Bangalore,0.0,6.0,LRPL Taylor,SuperSport Park,,,
98,IPL-2009,Centurion,12-05-2009,Punjab Kings,Mumbai Indians,Punjab Kings,bat,normal,1,Mumbai Indians,0.0,8.0,Harbhajan Singh,SuperSport Park,,,
99,IPL-2009,Durban,13-05-2009,Delhi Capitals,Deccan Chargers,Deccan Chargers,field,normal,1,Delhi Capitals,12.0,0.0,R Bhatia,Kingsmead,,,
100,IPL-2009,Durban,14-05-2009,Chennai Super Kings,Royal Challengers Bangalore,Chennai Super Kings,bat,normal,1,Royal Challengers Bangalore,0.0,2.0,LRPL Taylor,Kingsmead,,,
101,IPL-2009,Durban,14-05-2009,Rajasthan Royals,Mumbai Indians,Rajasthan Royals,bat,normal,1,Rajasthan Royals,2.0,0.0,SK Warne,Kingsmead,,,
102,IPL-2009,Bloemfontein,15-05-2009,Delhi Capitals,Punjab Kings,Punjab Kings,field,normal,1,Punjab Kings,0.0,6.0,B Lee,OUTsurance Oval,,,
103,IPL-2009,Port Elizabeth,16-05-2009,Mumbai Indians,Chennai Super Kings,Mumbai Indians,bat,normal,1,Chennai Super Kings,0.0,7.0,ML Hayden,St George's Park,,,
104,IPL-2009,Johannesburg,16-05-2009,Kolkata Knight Riders,Deccan Chargers,Deccan Chargers,field,normal,1,Deccan Chargers,0.0,6.0,RG Sharma,New Wanderers Stadium,,,
105,IPL-2009,Johannesburg,17-05-2009,Punjab Kings,Deccan Chargers,Deccan Chargers,field,normal,1,Punjab Kings,1.0,0.0,Yuvraj Singh,New Wanderers Stadium,,,
106,IPL-2009,Bloemfontein,17-05-2009,Delhi Capitals,Rajasthan Royals,Delhi Capitals,bat,normal,1,Delhi Capitals,14.0,0.0,AB de Villiers,OUTsurance Oval,,,
107,IPL-2009,Centurion,18-05-2009,Chennai Super Kings,Kolkata Knight Riders,Chennai Super Kings,bat,normal,1,Kolkata Knight Riders,0.0,7.0,BJ Hodge,SuperSport Park,,,
108,IPL-2009,Johannesburg,19-05-2009,Delhi Capitals,Royal Challengers Bangalore,Delhi Capitals,bat,normal,1,Royal Challengers Bangalore,0.0,7.0,JH Kallis,New Wanderers Stadium,,,
109,IPL-2009,Durban,20-05-2009,Rajasthan Royals,Kolkata Knight Riders,Kolkata Knight Riders,field,normal,1,Kolkata Knight Riders,0.0,4.0,LR Shukla,Kingsmead,,,
110,IPL-2009,Durban,20-05-2009,Chennai Super Kings,Punjab Kings,Chennai Super Kings,bat,normal,1,Chennai Super Kings,24.0,0.0,M Muralitharan,Kingsmead,,,
111,IPL-2009,Centurion,21-05-2009,Mumbai Indians,Delhi Capitals,Delhi Capitals,field,normal,1,Delhi Capitals,0.0,4.0,V Sehwag,SuperSport Park,,,
112,IPL-2009,Centurion,21-05-2009,Royal Challengers Bangalore,Deccan Chargers,Royal Challengers Bangalore,bat,normal,1,Royal Challengers Bangalore,12.0,0.0,MK Pandey,SuperSport Park,,,
113,IPL-2009,Centurion,22-05-2009,Delhi Capitals,Deccan Chargers,Deccan Chargers,field,normal,1,Deccan Chargers,0.0,6.0,AC Gilchrist,SuperSport Park,,,
114,IPL-2009,Johannesburg,23-05-2009,Chennai Super Kings,Royal Challengers Bangalore,Royal Challengers Bangalore,field,normal,1,Royal Challengers Bangalore,0.0,6.0,MK Pandey,New Wanderers Stadium,,,
115,IPL-2009,Johannesburg,24-05-2009,Deccan Chargers,Royal Challengers Bangalore,Royal Challengers Bangalore,field,normal,1,Deccan Chargers,6.0,0.0,A Kumble,New Wanderers Stadium,,,
116,IPL-2010,Mumbai,12-03-2010,Kolkata Knight Riders,Deccan Chargers,Deccan Chargers,field,normal,1,Kolkata Knight Riders,11.0,0.0,AD Mathews,Dr DY Patil Sports Academy,,,
117,IPL-2010,Mumbai,13-03-2010,Mumbai Indians,Rajasthan Royals,Mumbai Indians,bat,normal,1,Mumbai Indians,4.0,0.0,YK Pathan,Brabourne Stadium,,,
118,IPL-2010,Chandigarh,13-03-2010,Punjab Kings,Delhi Capitals,Delhi Capitals,field,normal,1,Delhi Capitals,0.0,5.0,G Gambhir,"Punjab Cricket Association Stadium, Mohali",,,
119,IPL-2010,Kolkata,14-03-2010,Royal Challengers Bangalore,Kolkata Knight Riders,Kolkata Knight Riders,field,normal,1,Kolkata Knight Riders,0.0,7.0,MK Tiwary,Eden Gardens,,,
120,IPL-2010,Chennai,14-03-2010,Deccan Chargers,Chennai Super Kings,Deccan Chargers,bat,normal,1,Deccan Chargers,31.0,0.0,WPUJC Vaas,"MA Chidambaram Stadium, Chepauk",,,
121,IPL-2010,Ahmedabad,15-03-2010,Rajasthan Royals,Delhi Capitals,Delhi Capitals,field,normal,1,Delhi Capitals,0.0,6.0,V Sehwag,"Sardar Patel Stadium, Motera",,,
122,IPL-2010,Bangalore,16-03-2010,Punjab Kings,Royal Challengers Bangalore,Punjab Kings,bat,normal,1,Royal Challengers Bangalore,0.0,8.0,JH Kallis,M Chinnaswamy Stadium,,,
123,IPL-2010,Kolkata,16-03-2010,Chennai Super Kings,Kolkata Knight Riders,Chennai Super Kings,bat,normal,1,Chennai Super Kings,55.0,0.0,MS Dhoni,Eden Gardens,,,
124,IPL-2010,Delhi,17-03-2010,Mumbai Indians,Delhi Capitals,Delhi Capitals,field,normal,1,Mumbai Indians,98.0,0.0,SR Tendulkar,Feroz Shah Kotla,,,
125,IPL-2010,Bangalore,18-03-2010,Rajasthan Royals,Royal Challengers Bangalore,Royal Challengers Bangalore,field,normal,1,Royal Challengers Bangalore,0.0,10.0,JH Kallis,M Chinnaswamy Stadium,,,
126,IPL-2010,Delhi,19-03-2010,Delhi Capitals,Chennai Super Kings,Delhi Capitals,bat,normal,1,Chennai Super Kings,0.0,5.0,ML Hayden,Feroz Shah Kotla,,,
127,IPL-2010,Cuttack,19-03-2010,Deccan Chargers,Punjab Kings,Punjab Kings,field,normal,1,Deccan Chargers,6.0,0.0,A Symonds,Barabati Stadium,,,
128,IPL-2010,Ahmedabad,20-03-2010,Rajasthan Royals,Kolkata Knight Riders,Rajasthan Royals,bat,normal,1,Rajasthan Royals,34.0,0.0,AA Jhunjhunwala,"Sardar Patel Stadium, Motera",,,
129,IPL-2010,Mumbai,20-03-2010,Mumbai Indians,Royal Challengers Bangalore,Mumbai Indians,bat,normal,1,Royal Challengers Bangalore,0.0,7.0,JH Kallis,Brabourne Stadium,,,
130,IPL-2010,Cuttack,21-03-2010,Deccan Chargers,Delhi Capitals,Deccan Chargers,bat,normal,1,Deccan Chargers,10.0,0.0,A Symonds,Barabati Stadium,,,
131,IPL-2010,Chennai,21-03-2010,Punjab Kings,Chennai Super Kings,Chennai Super Kings,field,tie,1,Unknown,0.0,0.0,J Theron,"MA Chidambaram Stadium, Chepauk",,,
132,IPL-2010,Mumbai,22-03-2010,Kolkata Knight Riders,Mumbai Indians,Kolkata Knight Riders,bat,normal,1,Mumbai Indians,0.0,7.0,SR Tendulkar,Brabourne Stadium,,,
133,IPL-2010,Bangalore,23-03-2010,Royal Challengers Bangalore,Chennai Super Kings,Chennai Super Kings,field,normal,1,Royal Challengers Bangalore,36.0,0.0,RV Uthappa,M Chinnaswamy Stadium,,,
134,IPL-2010,Chandigarh,24-03-2010,Rajasthan Royals,Punjab Kings,Punjab Kings,field,normal,1,Rajasthan Royals,31.0,0.0,AC Voges,"Punjab Cricket Association Stadium, Mohali",,,
135,IPL-2010,Mumbai,25-03-2010,Chennai Super Kings,Mumbai Indians,Mumbai Indians,field,normal,1,Mumbai Indians,0.0,5.0,SR Tendulkar,"Brabourne Stadium, Mumbai",,,
136,IPL-2010,Bangalore,25-03-2010,Delhi Capitals,Royal Challengers Bangalore,Royal Challengers Bangalore,field,normal,1,Delhi Capitals,17.0,0.0,KM Jadhav,M Chinnaswamy Stadium,,,
137,IPL-2010,Ahmedabad,26-03-2010,Deccan Chargers,Rajasthan Royals,Deccan Chargers,bat,normal,1,Rajasthan Royals,0.0,8.0,YK Pathan,"Sardar Patel Stadium, Motera",,,
138,IPL-2010,Chandigarh,27-03-2010,Kolkata Knight Riders,Punjab Kings,Kolkata Knight Riders,bat,normal,1,Kolkata Knight Riders,39.0,0.0,MK Tiwary,"Punjab Cricket Association Stadium, Mohali",,,
139,IPL-2010,Ahmedabad,28-03-2010,Rajasthan Royals,Chennai Super Kings,Rajasthan Royals,bat,normal,1,Rajasthan Royals,17.0,0.0,NV Ojha,"Sardar Patel Stadium, Motera",,,
140,IPL-2010,Mumbai,28-03-2010,Mumbai Indians,Deccan Chargers,Deccan Chargers,field,normal,1,Mumbai Indians,41.0,0.0,Harbhajan Singh,Dr DY Patil Sports Academy,,,
141,IPL-2010,Delhi,29-03-2010,Delhi Capitals,Kolkata Knight Riders,Delhi Capitals,bat,normal,1,Delhi Capitals,40.0,0.0,DA Warner,Feroz Shah Kotla,,,
142,IPL-2010,Mumbai,30-03-2010,Punjab Kings,Mumbai Indians,Mumbai Indians,field,normal,1,Mumbai Indians,0.0,4.0,SL Malinga,Brabourne Stadium,,,
143,IPL-2010,Chennai,31-03-2010,Royal Challengers Bangalore,Chennai Super Kings,Royal Challengers Bangalore,bat,normal,1,Chennai Super Kings,0.0,5.0,M Vijay,"MA Chidambaram Stadium, Chepauk",,,
144,IPL-2010,Delhi,31-03-2010,Delhi Capitals,Rajasthan Royals,Delhi Capitals,bat,normal,1,Delhi Capitals,67.0,0.0,KD Karthik,Feroz Shah Kotla,,,
145,IPL-2010,Kolkata,01-04-2010,Kolkata Knight Riders,Deccan Chargers,Kolkata Knight Riders,bat,normal,1,Kolkata Knight Riders,24.0,0.0,SC Ganguly,Eden Gardens,,,
146,IPL-2010,Chandigarh,02-04-2010,Punjab Kings,Royal Challengers Bangalore,Punjab Kings,bat,normal,1,Royal Challengers Bangalore,0.0,6.0,KP Pietersen,"Punjab Cricket Association Stadium, Mohali",,,
147,IPL-2010,Chennai,03-04-2010,Chennai Super Kings,Rajasthan Royals,Chennai Super Kings,bat,normal,1,Chennai Super Kings,23.0,0.0,M Vijay,"MA Chidambaram Stadium, Chepauk",,,
148,IPL-2010,Mumbai,03-04-2010,Mumbai Indians,Deccan Chargers,Mumbai Indians,bat,normal,1,Mumbai Indians,63.0,0.0,AT Rayudu,Brabourne Stadium,,,
149,IPL-2010,Kolkata,04-04-2010,Kolkata Knight Riders,Punjab Kings,Kolkata Knight Riders,bat,normal,1,Punjab Kings,0.0,8.0,DPMD Jayawardene,Eden Gardens,,,
150,IPL-2010,Delhi,04-04-2010,Delhi Capitals,Royal Challengers Bangalore,Delhi Capitals,bat,normal,1,Delhi Capitals,37.0,0.0,PD Collingwood,Feroz Shah Kotla,,,
151,IPL-2010,Nagpur,05-04-2010,Rajasthan Royals,Deccan Chargers,Rajasthan Royals,bat,normal,1,Rajasthan Royals,2.0,0.0,SK Warne,"Vidarbha Cricket Association Stadium, Jamtha",,,
152,IPL-2010,Chennai,06-04-2010,Chennai Super Kings,Mumbai Indians,Chennai Super Kings,bat,normal,1,Chennai Super Kings,24.0,0.0,SK Raina,"MA Chidambaram Stadium, Chepauk",,,
153,IPL-2010,Jaipur,07-04-2010,Punjab Kings,Rajasthan Royals,Punjab Kings,bat,normal,1,Rajasthan Royals,0.0,9.0,MJ Lumb,Sawai Mansingh Stadium,,,
154,IPL-2010,Kolkata,07-04-2010,Kolkata Knight Riders,Delhi Capitals,Kolkata Knight Riders,bat,normal,1,Kolkata Knight Riders,14.0,0.0,SC Ganguly,Eden Gardens,,,
155,IPL-2010,Bangalore,08-04-2010,Royal Challengers Bangalore,Deccan Chargers,Deccan Chargers,field,normal,1,Deccan Chargers,0.0,7.0,TL Suman,M Chinnaswamy Stadium,,,
156,IPL-2010,Chandigarh,09-04-2010,Mumbai Indians,Punjab Kings,Mumbai Indians,bat,normal,1,Punjab Kings,0.0,6.0,KC Sangakkara,"Punjab Cricket Association Stadium, Mohali",,,
157,IPL-2010,Nagpur,10-04-2010,Chennai Super Kings,Deccan Chargers,Chennai Super Kings,bat,normal,1,Deccan Chargers,0.0,6.0,RJ Harris,"Vidarbha Cricket Association Stadium, Jamtha",,,
158,IPL-2010,Bangalore,10-04-2010,Kolkata Knight Riders,Royal Challengers Bangalore,Royal Challengers Bangalore,field,normal,1,Royal Challengers Bangalore,0.0,7.0,R Vinay Kumar,M Chinnaswamy Stadium,,,
159,IPL-2010,Delhi,11-04-2010,Delhi Capitals,Punjab Kings,Delhi Capitals,bat,normal,1,Punjab Kings,0.0,7.0,PP Chawla,Feroz Shah Kotla,,,
160,IPL-2010,Jaipur,11-04-2010,Mumbai Indians,Rajasthan Royals,Rajasthan Royals,field,normal,1,Mumbai Indians,37.0,0.0,SR Tendulkar,Sawai Mansingh Stadium,,,
161,IPL-2010,Nagpur,12-04-2010,Deccan Chargers,Royal Challengers Bangalore,Royal Challengers Bangalore,field,normal,1,Deccan Chargers,13.0,0.0,Harmeet Singh,"Vidarbha Cricket Association Stadium, Jamtha",,,
162,IPL-2010,Mumbai,13-04-2010,Mumbai Indians,Delhi Capitals,Mumbai Indians,bat,normal,1,Mumbai Indians,39.0,0.0,KA Pollard,Brabourne Stadium,,,
163,IPL-2010,Chennai,13-04-2010,Kolkata Knight Riders,Chennai Super Kings,Kolkata Knight Riders,bat,normal,1,Chennai Super Kings,0.0,9.0,R Ashwin,"MA Chidambaram Stadium, Chepauk",,,
164,IPL-2010,Jaipur,14-04-2010,Rajasthan Royals,Royal Challengers Bangalore,Rajasthan Royals,bat,normal,1,Royal Challengers Bangalore,0.0,5.0,KP Pietersen,Sawai Mansingh Stadium,,,
165,IPL-2010,Chennai,15-04-2010,Chennai Super Kings,Delhi Capitals,Chennai Super Kings,bat,normal,1,Delhi Capitals,0.0,6.0,G Gambhir,"MA Chidambaram Stadium, Chepauk",,,
166,IPL-2010,Dharamsala,16-04-2010,Punjab Kings,Deccan Chargers,Deccan Chargers,field,normal,1,Deccan Chargers,0.0,5.0,RG Sharma,Himachal Pradesh Cricket Association Stadium,,,
167,IPL-2010,Bangalore,17-04-2010,Mumbai Indians,Royal Challengers Bangalore,Royal Challengers Bangalore,field,normal,1,Mumbai Indians,57.0,0.0,R McLaren,M Chinnaswamy Stadium,,,
168,IPL-2010,Kolkata,17-04-2010,Rajasthan Royals,Kolkata Knight Riders,Rajasthan Royals,bat,normal,1,Kolkata Knight Riders,0.0,8.0,JD Unadkat,Eden Gardens,,,
169,IPL-2010,Dharamsala,18-04-2010,Punjab Kings,Chennai Super Kings,Chennai Super Kings,field,normal,1,Chennai Super Kings,0.0,6.0,MS Dhoni,Himachal Pradesh Cricket Association Stadium,,,
170,IPL-2010,Delhi,18-04-2010,Deccan Chargers,Delhi Capitals,Deccan Chargers,bat,normal,1,Deccan Chargers,11.0,0.0,A Symonds,Feroz Shah Kotla,,,
171,IPL-2010,Kolkata,19-04-2010,Mumbai Indians,Kolkata Knight Riders,Mumbai Indians,bat,normal,1,Kolkata Knight Riders,0.0,9.0,M Kartik,Eden Gardens,,,
172,IPL-2010,Mumbai,21-04-2010,Mumbai Indians,Royal Challengers Bangalore,Mumbai Indians,bat,normal,1,Mumbai Indians,35.0,0.0,KA Pollard,Dr DY Patil Sports Academy,,,
173,IPL-2010,Mumbai,22-04-2010,Chennai Super Kings,Deccan Chargers,Chennai Super Kings,bat,normal,1,Chennai Super Kings,38.0,0.0,DE Bollinger,Dr DY Patil Sports Academy,,,
174,IPL-2010,Mumbai,24-04-2010,Deccan Chargers,Royal Challengers Bangalore,Deccan Chargers,bat,normal,1,Royal Challengers Bangalore,0.0,9.0,A Kumble,Dr DY Patil Sports Academy,,,
175,IPL-2010,Mumbai,25-04-2010,Chennai Super Kings,Mumbai Indians,Chennai Super Kings,bat,normal,1,Chennai Super Kings,22.0,0.0,SK Raina,Dr DY Patil Sports Academy,,,
176,IPL-2011,Chennai,08-04-2011,Chennai Super Kings,Kolkata Knight Riders,Chennai Super Kings,bat,normal,1,Chennai Super Kings,2.0,0.0,S Anirudha,"MA Chidambaram Stadium, Chepauk",,,
177,IPL-2011,Hyderabad,09-04-2011,Deccan Chargers,Rajasthan Royals,Rajasthan Royals,field,normal,1,Rajasthan Royals,0.0,8.0,SK Trivedi,"Rajiv Gandhi International Stadium, Uppal",,,
178,IPL-2011,Kochi,09-04-2011,Kochi Tuskers Kerala,Royal Challengers Bangalore,Kochi Tuskers Kerala,bat,normal,1,Royal Challengers Bangalore,0.0,6.0,AB de Villiers,Nehru Stadium,,,
179,IPL-2011,Delhi,10-04-2011,Delhi Capitals,Mumbai Indians,Delhi Capitals,bat,normal,1,Mumbai Indians,0.0,8.0,SL Malinga,Feroz Shah Kotla,,,
180,IPL-2011,Mumbai,10-04-2011,Punjab Kings,Pune Warriors India,Punjab Kings,bat,normal,1,Pune Warriors India,0.0,7.0,SB Wagh,Dr DY Patil Sports Academy,,,
181,IPL-2011,Kolkata,11-04-2011,Kolkata Knight Riders,Deccan Chargers,Kolkata Knight Riders,bat,normal,1,Kolkata Knight Riders,9.0,0.0,JH Kallis,Eden Gardens,,,
182,IPL-2011,Jaipur,12-04-2011,Delhi Capitals,Rajasthan Royals,Delhi Capitals,bat,normal,1,Rajasthan Royals,0.0,6.0,SK Warne,Sawai Mansingh Stadium,,,
183,IPL-2011,Bangalore,12-04-2011,Royal Challengers Bangalore,Mumbai Indians,Mumbai Indians,field,normal,1,Mumbai Indians,0.0,9.0,SR Tendulkar,M Chinnaswamy Stadium,,,
184,IPL-2011,Chandigarh,13-04-2011,Chennai Super Kings,Punjab Kings,Punjab Kings,field,normal,1,Punjab Kings,0.0,6.0,PC Valthaty,"Punjab Cricket Association Stadium, Mohali",,,
185,IPL-2011,Mumbai,13-04-2011,Kochi Tuskers Kerala,Pune Warriors India,Kochi Tuskers Kerala,bat,normal,1,Pune Warriors India,0.0,4.0,MD Mishra,Dr DY Patil Sports Academy,,,
186,IPL-2011,Hyderabad,14-04-2011,Deccan Chargers,Royal Challengers Bangalore,Royal Challengers Bangalore,field,normal,1,Deccan Chargers,33.0,0.0,DW Steyn,"Rajiv Gandhi International Stadium, Uppal",,,
187,IPL-2011,Jaipur,15-04-2011,Rajasthan Royals,Kolkata Knight Riders,Kolkata Knight Riders,field,normal,1,Kolkata Knight Riders,0.0,9.0,G Gambhir,Sawai Mansingh Stadium,,,
188,IPL-2011,Mumbai,15-04-2011,Mumbai Indians,Kochi Tuskers Kerala,Kochi Tuskers Kerala,field,normal,1,Kochi Tuskers Kerala,0.0,8.0,BB McCullum,Wankhede Stadium,,,
189,IPL-2011,Chennai,16-04-2011,Chennai Super Kings,Royal Challengers Bangalore,Chennai Super Kings,bat,normal,1,Chennai Super Kings,21.0,0.0,MEK Hussey,"MA Chidambaram Stadium, Chepauk",,,
190,IPL-2011,Hyderabad,16-04-2011,Deccan Chargers,Punjab Kings,Punjab Kings,field,normal,1,Punjab Kings,0.0,8.0,PC Valthaty,"Rajiv Gandhi International Stadium, Uppal",,,
191,IPL-2011,Mumbai,17-04-2011,Pune Warriors India,Delhi Capitals,Delhi Capitals,field,normal,1,Delhi Capitals,0.0,3.0,Yuvraj Singh,Dr DY Patil Sports Academy,,,
192,IPL-2011,Kolkata,17-04-2011,Rajasthan Royals,Kolkata Knight Riders,Kolkata Knight Riders,field,normal,1,Kolkata Knight Riders,0.0,8.0,L Balaji,Eden Gardens,,,
193,IPL-2011,Kochi,18-04-2011,Chennai Super Kings,Kochi Tuskers Kerala,Kochi Tuskers Kerala,field,normal,1,Kochi Tuskers Kerala,0.0,7.0,BB McCullum,Nehru Stadium,,,
194,IPL-2011,Delhi,19-04-2011,Deccan Chargers,Delhi Capitals,Deccan Chargers,bat,normal,1,Deccan Chargers,16.0,0.0,S Sohal,Feroz Shah Kotla,,,
195,IPL-2011,Mumbai,20-04-2011,Pune Warriors India,Mumbai Indians,Pune Warriors India,bat,normal,1,Mumbai Indians,0.0,7.0,MM Patel,Wankhede Stadium,,,
196,IPL-2011,Kolkata,20-04-2011,Kochi Tuskers Kerala,Kolkata Knight Riders,Kolkata Knight Riders,field,normal,1,Kochi Tuskers Kerala,6.0,0.0,DPMD Jayawardene,Eden Gardens,,,
197,IPL-2011,Chandigarh,21-04-2011,Punjab Kings,Rajasthan Royals,Rajasthan Royals,field,normal,1,Punjab Kings,48.0,0.0,SE Marsh,"Punjab Cricket Association Stadium, Mohali",,,
198,IPL-2011,Mumbai,22-04-2011,Mumbai Indians,Chennai Super Kings,Chennai Super Kings,field,normal,1,Mumbai Indians,8.0,0.0,Harbhajan Singh,Wankhede Stadium,,,
199,IPL-2011,Kolkata,22-04-2011,Kolkata Knight Riders,Royal Challengers Bangalore,Royal Challengers Bangalore,field,normal,1,Royal Challengers Bangalore,0.0,9.0,CH Gayle,Eden Gardens,,,
200,IPL-2011,Delhi,23-04-2011,Delhi Capitals,Punjab Kings,Punjab Kings,field,normal,1,Delhi Capitals,29.0,0.0,DA Warner,Feroz Shah Kotla,,,
201,IPL-2011,Hyderabad,24-04-2011,Mumbai Indians,Deccan Chargers,Deccan Chargers,field,normal,1,Mumbai Indians,37.0,0.0,SL Malinga,"Rajiv Gandhi International Stadium, Uppal",,,
202,IPL-2011,Jaipur,24-04-2011,Kochi Tuskers Kerala,Rajasthan Royals,Rajasthan Royals,field,normal,1,Rajasthan Royals,0.0,8.0,SK Warne,Sawai Mansingh Stadium,,,
203,IPL-2011,Chennai,25-04-2011,Chennai Super Kings,Pune Warriors India,Pune Warriors India,field,normal,1,Chennai Super Kings,25.0,0.0,MEK Hussey,"MA Chidambaram Stadium, Chepauk",,,
204,IPL-2011,Delhi,26-04-2011,Delhi Capitals,Royal Challengers Bangalore,Royal Challengers Bangalore,field,normal,1,Royal Challengers Bangalore,0.0,3.0,V Kohli,Feroz Shah Kotla,,,
205,IPL-2011,Mumbai,27-04-2011,Pune Warriors India,Chennai Super Kings,Pune Warriors India,bat,normal,1,Chennai Super Kings,0.0,8.0,DE Bollinger,Dr DY Patil Sports Academy,,,
206,IPL-2011,Kochi,27-04-2011,Deccan Chargers,Kochi Tuskers Kerala,Kochi Tuskers Kerala,field,normal,1,Deccan Chargers,55.0,0.0,I Sharma,Nehru Stadium,,,
207,IPL-2011,Delhi,28-04-2011,Kolkata Knight Riders,Delhi Capitals,Delhi Capitals,field,normal,1,Kolkata Knight Riders,17.0,0.0,MK Tiwary,Feroz Shah Kotla,,,
208,IPL-2011,Jaipur,29-04-2011,Mumbai Indians,Rajasthan Royals,Rajasthan Royals,field,normal,1,Rajasthan Royals,0.0,7.0,J Botha,Sawai Mansingh Stadium,,,
209,IPL-2011,Bangalore,29-04-2011,Royal Challengers Bangalore,Pune Warriors India,Pune Warriors India,field,normal,1,Royal Challengers Bangalore,26.0,0.0,V Kohli,M Chinnaswamy Stadium,,,
210,IPL-2011,Kochi,30-04-2011,Delhi Capitals,Kochi Tuskers Kerala,Delhi Capitals,bat,normal,1,Delhi Capitals,38.0,0.0,V Sehwag,Nehru Stadium,,,
211,IPL-2011,Kolkata,30-04-2011,Punjab Kings,Kolkata Knight Riders,Kolkata Knight Riders,field,normal,1,Kolkata Knight Riders,0.0,8.0,Iqbal Abdulla,Eden Gardens,,,
212,IPL-2011,Jaipur,01-05-2011,Pune Warriors India,Rajasthan Royals,Rajasthan Royals,field,normal,1,Rajasthan Royals,0.0,6.0,LRPL Taylor,Sawai Mansingh Stadium,,,
213,IPL-2011,Chennai,01-05-2011,Chennai Super Kings,Deccan Chargers,Chennai Super Kings,bat,normal,1,Chennai Super Kings,19.0,0.0,JA Morkel,"MA Chidambaram Stadium, Chepauk",,,
214,IPL-2011,Mumbai,02-05-2011,Mumbai Indians,Punjab Kings,Punjab Kings,field,normal,1,Mumbai Indians,23.0,0.0,KA Pollard,Wankhede Stadium,,,
215,IPL-2011,Delhi,02-05-2011,Delhi Capitals,Kochi Tuskers Kerala,Kochi Tuskers Kerala,field,normal,1,Kochi Tuskers Kerala,0.0,7.0,P Parameswaran,Feroz Shah Kotla,,,
216,IPL-2011,Hyderabad,03-05-2011,Kolkata Knight Riders,Deccan Chargers,Deccan Chargers,field,normal,1,Kolkata Knight Riders,20.0,0.0,YK Pathan,"Rajiv Gandhi International Stadium, Uppal",,,
217,IPL-2011,Chennai,04-05-2011,Rajasthan Royals,Chennai Super Kings,Rajasthan Royals,bat,normal,1,Chennai Super Kings,0.0,8.0,MEK Hussey,"MA Chidambaram Stadium, Chepauk",,,
218,IPL-2011,Mumbai,04-05-2011,Mumbai Indians,Pune Warriors India,Pune Warriors India,field,normal,1,Mumbai Indians,21.0,0.0,R Sharma,Dr DY Patil Sports Academy,,,
219,IPL-2011,Kochi,05-05-2011,Kochi Tuskers Kerala,Kolkata Knight Riders,Kolkata Knight Riders,field,normal,1,Kochi Tuskers Kerala,17.0,0.0,BJ Hodge,Nehru Stadium,,,
220,IPL-2011,Hyderabad,05-05-2011,Deccan Chargers,Delhi Capitals,Delhi Capitals,field,normal,1,Delhi Capitals,0.0,4.0,V Sehwag,"Rajiv Gandhi International Stadium, Uppal",,,
221,IPL-2011,Bangalore,06-05-2011,Royal Challengers Bangalore,Punjab Kings,Punjab Kings,field,normal,1,Royal Challengers Bangalore,85.0,0.0,CH Gayle,M Chinnaswamy Stadium,,,
222,IPL-2011,Kolkata,07-05-2011,Chennai Super Kings,Kolkata Knight Riders,Chennai Super Kings,bat,normal,1,Kolkata Knight Riders,10.0,0.0,Iqbal Abdulla,Eden Gardens,,,
223,IPL-2011,Mumbai,07-05-2011,Mumbai Indians,Delhi Capitals,Delhi Capitals,field,normal,1,Mumbai Indians,32.0,0.0,AT Rayudu,Wankhede Stadium,,,
224,IPL-2011,Bangalore,08-05-2011,Kochi Tuskers Kerala,Royal Challengers Bangalore,Kochi Tuskers Kerala,bat,normal,1,Royal Challengers Bangalore,0.0,9.0,CH Gayle,M Chinnaswamy Stadium,,,
225,IPL-2011,Chandigarh,08-05-2011,Punjab Kings,Pune Warriors India,Punjab Kings,bat,normal,1,Pune Warriors India,0.0,5.0,R Sharma,"Punjab Cricket Association Stadium, Mohali",,,
226,IPL-2011,Jaipur,09-05-2011,Chennai Super Kings,Rajasthan Royals,Rajasthan Royals,field,normal,1,Chennai Super Kings,63.0,0.0,M Vijay,Sawai Mansingh Stadium,,,
227,IPL-2011,Hyderabad,10-05-2011,Deccan Chargers,Pune Warriors India,Deccan Chargers,bat,normal,1,Pune Warriors India,0.0,6.0,MR Marsh,"Rajiv Gandhi International Stadium, Uppal",,,
228,IPL-2011,Chandigarh,10-05-2011,Punjab Kings,Mumbai Indians,Mumbai Indians,field,normal,1,Punjab Kings,76.0,0.0,BA Bhatt,"Punjab Cricket Association Stadium, Mohali",,,
229,IPL-2011,Jaipur,11-05-2011,Rajasthan Royals,Royal Challengers Bangalore,Royal Challengers Bangalore,field,normal,1,Royal Challengers Bangalore,0.0,9.0,S Aravind,Sawai Mansingh Stadium,,,
230,IPL-2011,Chennai,12-05-2011,Chennai Super Kings,Delhi Capitals,Chennai Super Kings,bat,normal,1,Chennai Super Kings,18.0,0.0,MS Dhoni,"MA Chidambaram Stadium, Chepauk",,,
231,IPL-2011,Indore,13-05-2011,Kochi Tuskers Kerala,Punjab Kings,Punjab Kings,field,normal,1,Punjab Kings,0.0,6.0,KD Karthik,Holkar Cricket Stadium,,,
232,IPL-2011,Bangalore,14-05-2011,Kolkata Knight Riders,Royal Challengers Bangalore,Royal Challengers Bangalore,field,normal,1,Royal Challengers Bangalore,0.0,4.0,CH Gayle,M Chinnaswamy Stadium,,,
233,IPL-2011,Mumbai,14-05-2011,Deccan Chargers,Mumbai Indians,Deccan Chargers,bat,normal,1,Deccan Chargers,10.0,0.0,A Mishra,Wankhede Stadium,,,
234,IPL-2011,Dharamsala,15-05-2011,Punjab Kings,Delhi Capitals,Delhi Capitals,field,normal,1,Punjab Kings,29.0,0.0,PP Chawla,Himachal Pradesh Cricket Association Stadium,,,
235,IPL-2011,Indore,15-05-2011,Rajasthan Royals,Kochi Tuskers Kerala,Kochi Tuskers Kerala,field,normal,1,Kochi Tuskers Kerala,0.0,8.0,BJ Hodge,Holkar Cricket Stadium,,,
236,IPL-2011,Mumbai,16-05-2011,Pune Warriors India,Deccan Chargers,Deccan Chargers,field,normal,1,Deccan Chargers,0.0,6.0,A Mishra,Dr DY Patil Sports Academy,,,
237,IPL-2011,Dharamsala,17-05-2011,Punjab Kings,Royal Challengers Bangalore,Punjab Kings,bat,normal,1,Punjab Kings,111.0,0.0,AC Gilchrist,Himachal Pradesh Cricket Association Stadium,,,
238,IPL-2011,Chennai,18-05-2011,Chennai Super Kings,Kochi Tuskers Kerala,Chennai Super Kings,bat,normal,1,Chennai Super Kings,11.0,0.0,WP Saha,"MA Chidambaram Stadium, Chepauk",,,
239,IPL-2011,Mumbai,19-05-2011,Pune Warriors India,Kolkata Knight Riders,Kolkata Knight Riders,field,normal,1,Kolkata Knight Riders,0.0,7.0,YK Pathan,Dr DY Patil Sports Academy,,,
240,IPL-2011,Mumbai,20-05-2011,Mumbai Indians,Rajasthan Royals,Mumbai Indians,bat,normal,1,Rajasthan Royals,0.0,10.0,SR Watson,Wankhede Stadium,,,
241,IPL-2011,Dharamsala,21-05-2011,Deccan Chargers,Punjab Kings,Punjab Kings,field,normal,1,Deccan Chargers,82.0,0.0,S Dhawan,Himachal Pradesh Cricket Association Stadium,,,
242,IPL-2011,Delhi,21-05-2011,Delhi Capitals,Pune Warriors India,Delhi Capitals,bat,no result,1,Unknown,0.0,0.0,Unknown,Feroz Shah Kotla,,,
243,IPL-2011,Bangalore,22-05-2011,Chennai Super Kings,Royal Challengers Bangalore,Royal Challengers Bangalore,field,normal,1,Royal Challengers Bangalore,0.0,8.0,CH Gayle,M Chinnaswamy Stadium,,,
244,IPL-2011,Kolkata,22-05-2011,Kolkata Knight Riders,Mumbai Indians,Mumbai Indians,field,normal,1,Mumbai Indians,0.0,5.0,JEC Franklin,Eden Gardens,,,
245,IPL-2011,Mumbai,24-05-2011,Royal Challengers Bangalore,Chennai Super Kings,Chennai Super Kings,field,normal,1,Chennai Super Kings,0.0,6.0,SK Raina,Wankhede Stadium,,,
246,IPL-2011,Mumbai,25-05-2011,Kolkata Knight Riders,Mumbai Indians,Mumbai Indians,field,normal,1,Mumbai Indians,0.0,4.0,MM Patel,Wankhede Stadium,,,
247,IPL-2011,Chennai,27-05-2011,Royal Challengers Bangalore,Mumbai Indians,Mumbai Indians,field,normal,1,Royal Challengers Bangalore,43.0,0.0,CH Gayle,"MA Chidambaram Stadium, Chepauk",,,
248,IPL-2011,Chennai,28-05-2011,Chennai Super Kings,Royal Challengers Bangalore,Chennai Super Kings,bat,normal,1,Chennai Super Kings,58.0,0.0,M Vijay,"MA Chidambaram Stadium, Chepauk",,,
249,IPL-2012,Chennai,04-04-2012,Chennai Super Kings,Mumbai Indians,Mumbai Indians,field,normal,1,Mumbai Indians,0.0,8.0,RE Levi,"MA Chidambaram Stadium, Chepauk",,,
250,IPL-2012,Kolkata,05-04-2012,Kolkata Knight Riders,Delhi Capitals,Delhi Capitals,field,normal,1,Delhi Capitals,0.0,8.0,IK Pathan,Eden Gardens,,,
251,IPL-2012,Mumbai,06-04-2012,Pune Warriors India,Mumbai Indians,Mumbai Indians,field,normal,1,Pune Warriors India,28.0,0.0,SPD Smith,Wankhede Stadium,,,
252,IPL-2012,Jaipur,06-04-2012,Rajasthan Royals,Punjab Kings,Punjab Kings,field,normal,1,Rajasthan Royals,31.0,0.0,AM Rahane,Sawai Mansingh Stadium,,,
253,IPL-2012,Bangalore,07-04-2012,Royal Challengers Bangalore,Delhi Capitals,Delhi Capitals,field,normal,1,Royal Challengers Bangalore,20.0,0.0,AB de Villiers,M Chinnaswamy Stadium,,,
254,IPL-2012,Visakhapatnam,07-04-2012,Chennai Super Kings,Deccan Chargers,Deccan Chargers,field,normal,1,Chennai Super Kings,74.0,0.0,RA Jadeja,Dr. Y.S. Rajasekhara Reddy ACA-VDCA Cricket Stadium,,,
255,IPL-2012,Jaipur,08-04-2012,Rajasthan Royals,Kolkata Knight Riders,Kolkata Knight Riders,field,normal,1,Rajasthan Royals,22.0,0.0,BJ Hodge,Sawai Mansingh Stadium,,,
256,IPL-2012,Pune,08-04-2012,Pune Warriors India,Punjab Kings,Pune Warriors India,bat,normal,1,Pune Warriors India,22.0,0.0,MN Samuels,Subrata Roy Sahara Stadium,,,
257,IPL-2012,Visakhapatnam,09-04-2012,Deccan Chargers,Mumbai Indians,Deccan Chargers,bat,normal,1,Mumbai Indians,0.0,5.0,RG Sharma,Dr. Y.S. Rajasekhara Reddy ACA-VDCA Cricket Stadium,,,
258,IPL-2012,Bangalore,10-04-2012,Kolkata Knight Riders,Royal Challengers Bangalore,Royal Challengers Bangalore,field,normal,1,Kolkata Knight Riders,42.0,0.0,L Balaji,M Chinnaswamy Stadium,,,
259,IPL-2012,Delhi,10-04-2012,Chennai Super Kings,Delhi Capitals,Delhi Capitals,field,normal,1,Delhi Capitals,0.0,8.0,M Morkel,Feroz Shah Kotla,,,
260,IPL-2012,Mumbai,11-04-2012,Mumbai Indians,Rajasthan Royals,Rajasthan Royals,field,normal,1,Mumbai Indians,27.0,0.0,KA Pollard,Wankhede Stadium,,,
261,IPL-2012,Chennai,12-04-2012,Royal Challengers Bangalore,Chennai Super Kings,Royal Challengers Bangalore,bat,normal,1,Chennai Super Kings,0.0,5.0,F du Plessis,"MA Chidambaram Stadium, Chepauk",,,
262,IPL-2012,Chandigarh,12-04-2012,Pune Warriors India,Punjab Kings,Punjab Kings,field,normal,1,Punjab Kings,0.0,7.0,AD Mascarenhas,"Punjab Cricket Association Stadium, Mohali",,,
263,IPL-2012,Kolkata,13-04-2012,Rajasthan Royals,Kolkata Knight Riders,Rajasthan Royals,bat,normal,1,Kolkata Knight Riders,0.0,5.0,Shakib Al Hasan,Eden Gardens,,,
264,IPL-2012,Pune,14-04-2012,Chennai Super Kings,Pune Warriors India,Chennai Super Kings,bat,normal,1,Pune Warriors India,0.0,7.0,JD Ryder,Subrata Roy Sahara Stadium,,,
265,IPL-2012,Kolkata,15-04-2012,Punjab Kings,Kolkata Knight Riders,Kolkata Knight Riders,field,normal,1,Punjab Kings,2.0,0.0,SP Narine,Eden Gardens,,,
266,IPL-2012,Bangalore,15-04-2012,Rajasthan Royals,Royal Challengers Bangalore,Rajasthan Royals,bat,normal,1,Rajasthan Royals,59.0,0.0,AM Rahane,M Chinnaswamy Stadium,,,
267,IPL-2012,Mumbai,16-04-2012,Mumbai Indians,Delhi Capitals,Delhi Capitals,field,normal,1,Delhi Capitals,0.0,7.0,S Nadeem,Wankhede Stadium,,,
268,IPL-2012,Jaipur,17-04-2012,Deccan Chargers,Rajasthan Royals,Deccan Chargers,bat,normal,1,Rajasthan Royals,0.0,5.0,BJ Hodge,Sawai Mansingh Stadium,,,
269,IPL-2012,Bangalore,17-04-2012,Pune Warriors India,Royal Challengers Bangalore,Pune Warriors India,bat,normal,1,Royal Challengers Bangalore,0.0,6.0,CH Gayle,M Chinnaswamy Stadium,,,
270,IPL-2012,Chandigarh,18-04-2012,Punjab Kings,Kolkata Knight Riders,Punjab Kings,bat,normal,1,Kolkata Knight Riders,0.0,8.0,G Gambhir,"Punjab Cricket Association Stadium, Mohali",,,
271,IPL-2012,Delhi,19-04-2012,Deccan Chargers,Delhi Capitals,Deccan Chargers,bat,normal,1,Delhi Capitals,0.0,5.0,KP Pietersen,Feroz Shah Kotla,,,
272,IPL-2012,Chennai,19-04-2012,Chennai Super Kings,Pune Warriors India,Pune Warriors India,field,normal,1,Chennai Super Kings,13.0,0.0,KMDN Kulasekara,"MA Chidambaram Stadium, Chepauk",,,
273,IPL-2012,Chandigarh,20-04-2012,Punjab Kings,Royal Challengers Bangalore,Royal Challengers Bangalore,field,normal,1,Royal Challengers Bangalore,0.0,5.0,CH Gayle,"Punjab Cricket Association Stadium, Mohali",,,
274,IPL-2012,Chennai,21-04-2012,Rajasthan Royals,Chennai Super Kings,Rajasthan Royals,bat,normal,1,Chennai Super Kings,0.0,7.0,F du Plessis,"MA Chidambaram Stadium, Chepauk",,,
275,IPL-2012,Delhi,21-04-2012,Pune Warriors India,Delhi Capitals,Delhi Capitals,field,normal,1,Pune Warriors India,20.0,0.0,SC Ganguly,Feroz Shah Kotla,,,
276,IPL-2012,Mumbai,22-04-2012,Mumbai Indians,Punjab Kings,Mumbai Indians,bat,normal,1,Punjab Kings,0.0,6.0,SE Marsh,Wankhede Stadium,,,
277,IPL-2012,Cuttack,22-04-2012,Deccan Chargers,Kolkata Knight Riders,Kolkata Knight Riders,field,normal,1,Kolkata Knight Riders,0.0,5.0,B Lee,Barabati Stadium,,,
278,IPL-2012,Jaipur,23-04-2012,Royal Challengers Bangalore,Rajasthan Royals,Rajasthan Royals,field,normal,1,Royal Challengers Bangalore,46.0,0.0,AB de Villiers,Sawai Mansingh Stadium,,,
279,IPL-2012,Pune,24-04-2012,Pune Warriors India,Delhi Capitals,Pune Warriors India,bat,normal,1,Delhi Capitals,0.0,8.0,V Sehwag,Subrata Roy Sahara Stadium,,,
280,IPL-2012,Chandigarh,25-04-2012,Punjab Kings,Mumbai Indians,Punjab Kings,bat,normal,1,Mumbai Indians,0.0,4.0,AT Rayudu,"Punjab Cricket Association Stadium, Mohali",,,
281,IPL-2012,Pune,26-04-2012,Deccan Chargers,Pune Warriors India,Deccan Chargers,bat,normal,1,Deccan Chargers,18.0,0.0,CL White,Subrata Roy Sahara Stadium,,,
282,IPL-2012,Delhi,27-04-2012,Delhi Capitals,Mumbai Indians,Mumbai Indians,field,normal,1,Delhi Capitals,37.0,0.0,V Sehwag,Feroz Shah Kotla,,,
283,IPL-2012,Chennai,28-04-2012,Punjab Kings,Chennai Super Kings,Punjab Kings,bat,normal,1,Punjab Kings,7.0,0.0,Mandeep Singh,"MA Chidambaram Stadium, Chepauk",,,
284,IPL-2012,Kolkata,28-04-2012,Kolkata Knight Riders,Royal Challengers Bangalore,Kolkata Knight Riders,bat,normal,1,Kolkata Knight Riders,47.0,0.0,G Gambhir,Eden Gardens,,,
285,IPL-2012,Delhi,29-04-2012,Delhi Capitals,Rajasthan Royals,Delhi Capitals,bat,normal,1,Delhi Capitals,1.0,0.0,V Sehwag,Feroz Shah Kotla,,,
286,IPL-2012,Mumbai,29-04-2012,Deccan Chargers,Mumbai Indians,Mumbai Indians,field,normal,1,Mumbai Indians,0.0,5.0,DW Steyn,Wankhede Stadium,,,
287,IPL-2012,Chennai,30-04-2012,Chennai Super Kings,Kolkata Knight Riders,Chennai Super Kings,bat,normal,1,Kolkata Knight Riders,0.0,5.0,G Gambhir,"MA Chidambaram Stadium, Chepauk",,,
288,IPL-2012,Cuttack,01-05-2012,Deccan Chargers,Pune Warriors India,Deccan Chargers,bat,normal,1,Deccan Chargers,13.0,0.0,KC Sangakkara,Barabati Stadium,,,
289,IPL-2012,Jaipur,01-05-2012,Rajasthan Royals,Delhi Capitals,Rajasthan Royals,bat,normal,1,Delhi Capitals,0.0,6.0,P Negi,Sawai Mansingh Stadium,,,
290,IPL-2012,Bangalore,02-05-2012,Royal Challengers Bangalore,Punjab Kings,Punjab Kings,field,normal,1,Punjab Kings,0.0,4.0,Azhar Mahmood,M Chinnaswamy Stadium,,,
291,IPL-2012,Pune,03-05-2012,Mumbai Indians,Pune Warriors India,Mumbai Indians,bat,normal,1,Mumbai Indians,1.0,0.0,SL Malinga,Subrata Roy Sahara Stadium,,,
292,IPL-2012,Chennai,04-05-2012,Chennai Super Kings,Deccan Chargers,Chennai Super Kings,bat,normal,1,Chennai Super Kings,10.0,0.0,SK Raina,"MA Chidambaram Stadium, Chepauk",,,
293,IPL-2012,Kolkata,05-05-2012,Kolkata Knight Riders,Pune Warriors India,Kolkata Knight Riders,bat,normal,1,Kolkata Knight Riders,7.0,0.0,SP Narine,Eden Gardens,,,
294,IPL-2012,Chandigarh,05-05-2012,Rajasthan Royals,Punjab Kings,Rajasthan Royals,bat,normal,1,Rajasthan Royals,43.0,0.0,SR Watson,"Punjab Cricket Association Stadium, Mohali",,,
295,IPL-2012,Mumbai,06-05-2012,Chennai Super Kings,Mumbai Indians,Mumbai Indians,field,normal,1,Mumbai Indians,0.0,2.0,DR Smith,Wankhede Stadium,,,
296,IPL-2012,Bangalore,06-05-2012,Deccan Chargers,Royal Challengers Bangalore,Royal Challengers Bangalore,field,normal,1,Royal Challengers Bangalore,0.0,5.0,AB de Villiers,M Chinnaswamy Stadium,,,
297,IPL-2012,Delhi,07-05-2012,Delhi Capitals,Kolkata Knight Riders,Delhi Capitals,bat,normal,1,Kolkata Knight Riders,0.0,6.0,JH Kallis,Feroz Shah Kotla,,,
298,IPL-2012,Pune,08-05-2012,Pune Warriors India,Rajasthan Royals,Pune Warriors India,bat,normal,1,Rajasthan Royals,0.0,7.0,SR Watson,Subrata Roy Sahara Stadium,,,
299,IPL-2012,Hyderabad,08-05-2012,Punjab Kings,Deccan Chargers,Deccan Chargers,field,normal,1,Punjab Kings,25.0,0.0,Mandeep Singh,"Rajiv Gandhi International Stadium, Uppal",,,
300,IPL-2012,Mumbai,09-05-2012,Mumbai Indians,Royal Challengers Bangalore,Royal Challengers Bangalore,field,normal,1,Royal Challengers Bangalore,0.0,9.0,CH Gayle,Wankhede Stadium,,,
301,IPL-2012,Hyderabad,10-05-2012,Deccan Chargers,Delhi Capitals,Deccan Chargers,bat,normal,1,Delhi Capitals,0.0,9.0,DA Warner,"Rajiv Gandhi International Stadium, Uppal",,,
302,IPL-2012,Jaipur,10-05-2012,Rajasthan Royals,Chennai Super Kings,Chennai Super Kings,field,normal,1,Chennai Super Kings,0.0,4.0,BW Hilfenhaus,Sawai Mansingh Stadium,,,
303,IPL-2012,Pune,11-05-2012,Royal Challengers Bangalore,Pune Warriors India,Pune Warriors India,field,normal,1,Royal Challengers Bangalore,35.0,0.0,CH Gayle,Subrata Roy Sahara Stadium,,,
304,IPL-2012,Kolkata,12-05-2012,Mumbai Indians,Kolkata Knight Riders,Mumbai Indians,bat,normal,1,Mumbai Indians,27.0,0.0,RG Sharma,Eden Gardens,,,
305,IPL-2012,Chennai,12-05-2012,Delhi Capitals,Chennai Super Kings,Chennai Super Kings,field,normal,1,Chennai Super Kings,0.0,9.0,BW Hilfenhaus,"MA Chidambaram Stadium, Chepauk",,,
306,IPL-2012,Jaipur,13-05-2012,Rajasthan Royals,Pune Warriors India,Rajasthan Royals,bat,normal,1,Rajasthan Royals,45.0,0.0,A Chandila,Sawai Mansingh Stadium,,,
307,IPL-2012,Chandigarh,13-05-2012,Deccan Chargers,Punjab Kings,Deccan Chargers,bat,normal,1,Punjab Kings,0.0,4.0,DJ Hussey,"Punjab Cricket Association Stadium, Mohali",,,
308,IPL-2012,Bangalore,14-05-2012,Royal Challengers Bangalore,Mumbai Indians,Mumbai Indians,field,normal,1,Mumbai Indians,0.0,5.0,AT Rayudu,M Chinnaswamy Stadium,,,
309,IPL-2012,Kolkata,14-05-2012,Kolkata Knight Riders,Chennai Super Kings,Chennai Super Kings,field,normal,1,Chennai Super Kings,0.0,5.0,MEK Hussey,Eden Gardens,,,
310,IPL-2012,Delhi,15-05-2012,Punjab Kings,Delhi Capitals,Punjab Kings,bat,normal,1,Delhi Capitals,0.0,5.0,UT Yadav,Feroz Shah Kotla,,,
311,IPL-2012,Mumbai,16-05-2012,Kolkata Knight Riders,Mumbai Indians,Mumbai Indians,field,normal,1,Kolkata Knight Riders,32.0,0.0,SP Narine,Wankhede Stadium,,,
312,IPL-2012,Dharamsala,17-05-2012,Chennai Super Kings,Punjab Kings,Punjab Kings,field,normal,1,Punjab Kings,0.0,6.0,AC Gilchrist,Himachal Pradesh Cricket Association Stadium,,,
313,IPL-2012,Delhi,17-05-2012,Royal Challengers Bangalore,Delhi Capitals,Delhi Capitals,field,normal,1,Royal Challengers Bangalore,21.0,0.0,CH Gayle,Feroz Shah Kotla,,,
314,IPL-2012,Hyderabad,18-05-2012,Rajasthan Royals,Deccan Chargers,Rajasthan Royals,bat,normal,1,Deccan Chargers,0.0,5.0,DW Steyn,"Rajiv Gandhi International Stadium, Uppal",,,
315,IPL-2012,Dharamsala,19-05-2012,Punjab Kings,Delhi Capitals,Delhi Capitals,field,normal,1,Delhi Capitals,0.0,6.0,UT Yadav,Himachal Pradesh Cricket Association Stadium,,,
316,IPL-2012,Pune,19-05-2012,Kolkata Knight Riders,Pune Warriors India,Kolkata Knight Riders,bat,normal,1,Kolkata Knight Riders,34.0,0.0,Shakib Al Hasan,Subrata Roy Sahara Stadium,,,
317,IPL-2012,Hyderabad,20-05-2012,Deccan Chargers,Royal Challengers Bangalore,Royal Challengers Bangalore,field,normal,1,Deccan Chargers,9.0,0.0,DW Steyn,"Rajiv Gandhi International Stadium, Uppal",,,
318,IPL-2012,Jaipur,20-05-2012,Rajasthan Royals,Mumbai Indians,Rajasthan Royals,bat,normal,1,Mumbai Indians,0.0,10.0,DR Smith,Sawai Mansingh Stadium,,,
319,IPL-2012,Pune,22-05-2012,Kolkata Knight Riders,Delhi Capitals,Kolkata Knight Riders,bat,normal,1,Kolkata Knight Riders,18.0,0.0,YK Pathan,Subrata Roy Sahara Stadium,,,
320,IPL-2012,Bangalore,23-05-2012,Chennai Super Kings,Mumbai Indians,Mumbai Indians,field,normal,1,Chennai Super Kings,38.0,0.0,MS Dhoni,M Chinnaswamy Stadium,,,
321,IPL-2012,Chennai,25-05-2012,Chennai Super Kings,Delhi Capitals,Delhi Capitals,field,normal,1,Chennai Super Kings,86.0,0.0,M Vijay,"MA Chidambaram Stadium, Chepauk",,,
322,IPL-2012,Chennai,27-05-2012,Chennai Super Kings,Kolkata Knight Riders,Chennai Super Kings,bat,normal,1,Kolkata Knight Riders,0.0,5.0,MS Bisla,"MA Chidambaram Stadium, Chepauk",,,
323,IPL-2013,Kolkata,03-04-2013,Delhi Capitals,Kolkata Knight Riders,Kolkata Knight Riders,field,normal,1,Kolkata Knight Riders,0.0,6.0,SP Narine,Eden Gardens,,,
324,IPL-2013,Bangalore,04-04-2013,Royal Challengers Bangalore,Mumbai Indians,Mumbai Indians,field,normal,1,Royal Challengers Bangalore,2.0,0.0,CH Gayle,M Chinnaswamy Stadium,,,
325,IPL-2013,Hyderabad,05-04-2013,Sunrisers Hyderabad,Pune Warriors India,Pune Warriors India,field,normal,1,Sunrisers Hyderabad,22.0,0.0,A Mishra,"Rajiv Gandhi International Stadium, Uppal",,,
326,IPL-2013,Delhi,06-04-2013,Rajasthan Royals,Delhi Capitals,Rajasthan Royals,bat,normal,1,Rajasthan Royals,5.0,0.0,R Dravid,Feroz Shah Kotla,,,
327,IPL-2013,Chennai,06-04-2013,Mumbai Indians,Chennai Super Kings,Mumbai Indians,bat,normal,1,Mumbai Indians,9.0,0.0,KA Pollard,"MA Chidambaram Stadium, Chepauk",,,
328,IPL-2013,Pune,07-04-2013,Pune Warriors India,Punjab Kings,Pune Warriors India,bat,normal,1,Punjab Kings,0.0,8.0,M Vohra,Subrata Roy Sahara Stadium,,,
329,IPL-2013,Hyderabad,07-04-2013,Royal Challengers Bangalore,Sunrisers Hyderabad,Royal Challengers Bangalore,bat,tie,1,Unknown,0.0,0.0,GH Vihari,"Rajiv Gandhi International Stadium, Uppal",,,
330,IPL-2013,Jaipur,08-04-2013,Rajasthan Royals,Kolkata Knight Riders,Kolkata Knight Riders,field,normal,1,Rajasthan Royals,19.0,0.0,SK Trivedi,Sawai Mansingh Stadium,,,
331,IPL-2013,Mumbai,09-04-2013,Mumbai Indians,Delhi Capitals,Mumbai Indians,bat,normal,1,Mumbai Indians,44.0,0.0,KD Karthik,Wankhede Stadium,,,
332,IPL-2013,Bangalore,09-04-2013,Sunrisers Hyderabad,Royal Challengers Bangalore,Sunrisers Hyderabad,bat,normal,1,Royal Challengers Bangalore,0.0,7.0,V Kohli,M Chinnaswamy Stadium,,,
333,IPL-2013,Chandigarh,10-04-2013,Punjab Kings,Chennai Super Kings,Chennai Super Kings,field,normal,1,Chennai Super Kings,0.0,10.0,MEK Hussey,"Punjab Cricket Association Stadium, Mohali",,,
334,IPL-2013,Bangalore,11-04-2013,Kolkata Knight Riders,Royal Challengers Bangalore,Royal Challengers Bangalore,field,normal,1,Royal Challengers Bangalore,0.0,8.0,CH Gayle,M Chinnaswamy Stadium,,,
335,IPL-2013,Pune,11-04-2013,Rajasthan Royals,Pune Warriors India,Rajasthan Royals,bat,normal,1,Pune Warriors India,0.0,7.0,AJ Finch,Subrata Roy Sahara Stadium,,,
336,IPL-2013,Delhi,12-04-2013,Delhi Capitals,Sunrisers Hyderabad,Delhi Capitals,bat,normal,1,Sunrisers Hyderabad,0.0,3.0,A Mishra,Feroz Shah Kotla,,,
337,IPL-2013,Mumbai,13-04-2013,Mumbai Indians,Pune Warriors India,Mumbai Indians,bat,normal,1,Mumbai Indians,41.0,0.0,RG Sharma,Wankhede Stadium,,,
338,IPL-2013,Chennai,13-04-2013,Royal Challengers Bangalore,Chennai Super Kings,Chennai Super Kings,field,normal,1,Chennai Super Kings,0.0,4.0,RA Jadeja,"MA Chidambaram Stadium, Chepauk",,,
339,IPL-2013,Kolkata,14-04-2013,Kolkata Knight Riders,Sunrisers Hyderabad,Kolkata Knight Riders,bat,normal,1,Kolkata Knight Riders,48.0,0.0,G Gambhir,Eden Gardens,,,
340,IPL-2013,Jaipur,14-04-2013,Punjab Kings,Rajasthan Royals,Rajasthan Royals,field,normal,1,Rajasthan Royals,0.0,6.0,JP Faulkner,Sawai Mansingh Stadium,,,
341,IPL-2013,Chennai,15-04-2013,Pune Warriors India,Chennai Super Kings,Pune Warriors India,bat,normal,1,Pune Warriors India,24.0,0.0,SPD Smith,"MA Chidambaram Stadium, Chepauk",,,
342,IPL-2013,Chandigarh,16-04-2013,Punjab Kings,Kolkata Knight Riders,Kolkata Knight Riders,field,normal,1,Punjab Kings,4.0,0.0,MS Gony,"Punjab Cricket Association Stadium, Mohali",,,
343,IPL-2013,Bangalore,16-04-2013,Delhi Capitals,Royal Challengers Bangalore,Royal Challengers Bangalore,field,tie,1,Unknown,0.0,0.0,V Kohli,M Chinnaswamy Stadium,,,
344,IPL-2013,Pune,17-04-2013,Sunrisers Hyderabad,Pune Warriors India,Pune Warriors India,field,normal,1,Sunrisers Hyderabad,11.0,0.0,A Mishra,Maharashtra Cricket Association Stadium,,,
345,IPL-2013,Jaipur,17-04-2013,Rajasthan Royals,Mumbai Indians,Rajasthan Royals,bat,normal,1,Rajasthan Royals,87.0,0.0,AM Rahane,Sawai Mansingh Stadium,,,
346,IPL-2013,Delhi,18-04-2013,Chennai Super Kings,Delhi Capitals,Chennai Super Kings,bat,normal,1,Chennai Super Kings,86.0,0.0,MEK Hussey,Feroz Shah Kotla,,,
347,IPL-2013,Hyderabad,19-04-2013,Punjab Kings,Sunrisers Hyderabad,Punjab Kings,bat,normal,1,Sunrisers Hyderabad,0.0,5.0,GH Vihari,"Rajiv Gandhi International Stadium, Uppal",,,
348,IPL-2013,Kolkata,20-04-2013,Kolkata Knight Riders,Chennai Super Kings,Kolkata Knight Riders,bat,normal,1,Chennai Super Kings,0.0,4.0,RA Jadeja,Eden Gardens,,,
349,IPL-2013,Bangalore,20-04-2013,Rajasthan Royals,Royal Challengers Bangalore,Royal Challengers Bangalore,field,normal,1,Royal Challengers Bangalore,0.0,7.0,R Vinay Kumar,M Chinnaswamy Stadium,,,
350,IPL-2013,Delhi,21-04-2013,Mumbai Indians,Delhi Capitals,Mumbai Indians,bat,normal,1,Delhi Capitals,0.0,9.0,V Sehwag,Feroz Shah Kotla,,,
351,IPL-2013,Chandigarh,21-04-2013,Pune Warriors India,Punjab Kings,Punjab Kings,field,normal,1,Punjab Kings,0.0,7.0,DA Miller,"Punjab Cricket Association Stadium, Mohali",,,
352,IPL-2013,Chennai,22-04-2013,Rajasthan Royals,Chennai Super Kings,Rajasthan Royals,bat,normal,1,Chennai Super Kings,0.0,5.0,MEK Hussey,"MA Chidambaram Stadium, Chepauk",,,
353,IPL-2013,Bangalore,23-04-2013,Royal Challengers Bangalore,Pune Warriors India,Pune Warriors India,field,normal,1,Royal Challengers Bangalore,130.0,0.0,CH Gayle,M Chinnaswamy Stadium,,,
354,IPL-2013,Delhi,23-04-2013,Delhi Capitals,Punjab Kings,Punjab Kings,field,normal,1,Punjab Kings,0.0,5.0,Harmeet Singh,Feroz Shah Kotla,,,
355,IPL-2013,Kolkata,24-04-2013,Kolkata Knight Riders,Mumbai Indians,Kolkata Knight Riders,bat,normal,1,Mumbai Indians,0.0,5.0,DR Smith,Eden Gardens,,,
356,IPL-2013,Chennai,25-04-2013,Sunrisers Hyderabad,Chennai Super Kings,Sunrisers Hyderabad,bat,normal,1,Chennai Super Kings,0.0,5.0,MS Dhoni,"MA Chidambaram Stadium, Chepauk",,,
357,IPL-2013,Kolkata,26-04-2013,Punjab Kings,Kolkata Knight Riders,Punjab Kings,bat,normal,1,Kolkata Knight Riders,0.0,6.0,JH Kallis,Eden Gardens,,,
358,IPL-2013,Jaipur,27-04-2013,Sunrisers Hyderabad,Rajasthan Royals,Sunrisers Hyderabad,bat,normal,1,Rajasthan Royals,0.0,8.0,JP Faulkner,Sawai Mansingh Stadium,,,
359,IPL-2013,Mumbai,27-04-2013,Mumbai Indians,Royal Challengers Bangalore,Mumbai Indians,bat,normal,1,Mumbai Indians,58.0,0.0,DR Smith,Wankhede Stadium,,,
360,IPL-2013,Chennai,28-04-2013,Chennai Super Kings,Kolkata Knight Riders,Kolkata Knight Riders,field,normal,1,Chennai Super Kings,14.0,0.0,MEK Hussey,"MA Chidambaram Stadium, Chepauk",,,
361,IPL-2013,Raipur,28-04-2013,Delhi Capitals,Pune Warriors India,Pune Warriors India,field,normal,1,Delhi Capitals,15.0,0.0,DA Warner,Shaheed Veer Narayan Singh International Stadium,,,
362,IPL-2013,Jaipur,29-04-2013,Royal Challengers Bangalore,Rajasthan Royals,Rajasthan Royals,field,normal,1,Rajasthan Royals,0.0,4.0,SV Samson,Sawai Mansingh Stadium,,,
363,IPL-2013,Mumbai,29-04-2013,Mumbai Indians,Punjab Kings,Mumbai Indians,bat,normal,1,Mumbai Indians,4.0,0.0,RG Sharma,Wankhede Stadium,,,
364,IPL-2013,Pune,30-04-2013,Chennai Super Kings,Pune Warriors India,Chennai Super Kings,bat,normal,1,Chennai Super Kings,37.0,0.0,MS Dhoni,Subrata Roy Sahara Stadium,,,
365,IPL-2013,Hyderabad,01-05-2013,Mumbai Indians,Sunrisers Hyderabad,Mumbai Indians,bat,normal,1,Sunrisers Hyderabad,0.0,7.0,I Sharma,"Rajiv Gandhi International Stadium, Uppal",,,
366,IPL-2013,Raipur,01-05-2013,Kolkata Knight Riders,Delhi Capitals,Kolkata Knight Riders,bat,normal,1,Delhi Capitals,0.0,7.0,DA Warner,Shaheed Veer Narayan Singh International Stadium,,,
367,IPL-2013,Chennai,02-05-2013,Chennai Super Kings,Punjab Kings,Chennai Super Kings,bat,normal,1,Chennai Super Kings,15.0,0.0,SK Raina,"MA Chidambaram Stadium, Chepauk",,,
368,IPL-2013,Pune,02-05-2013,Royal Challengers Bangalore,Pune Warriors India,Royal Challengers Bangalore,bat,normal,1,Royal Challengers Bangalore,17.0,0.0,AB de Villiers,Subrata Roy Sahara Stadium,,,
369,IPL-2013,Kolkata,03-05-2013,Rajasthan Royals,Kolkata Knight Riders,Rajasthan Royals,bat,normal,1,Kolkata Knight Riders,0.0,8.0,YK Pathan,Eden Gardens,,,
370,IPL-2013,Hyderabad,04-05-2013,Delhi Capitals,Sunrisers Hyderabad,Delhi Capitals,bat,normal,1,Sunrisers Hyderabad,0.0,6.0,DJG Sammy,"Rajiv Gandhi International Stadium, Uppal",,,
371,IPL-2013,Mumbai,05-05-2013,Mumbai Indians,Chennai Super Kings,Mumbai Indians,bat,normal,1,Mumbai Indians,60.0,0.0,MG Johnson,Wankhede Stadium,,,
372,IPL-2013,Jaipur,05-05-2013,Pune Warriors India,Rajasthan Royals,Pune Warriors India,bat,normal,1,Rajasthan Royals,0.0,5.0,AM Rahane,Sawai Mansingh Stadium,,,
373,IPL-2013,Chandigarh,06-05-2013,Royal Challengers Bangalore,Punjab Kings,Punjab Kings,field,normal,1,Punjab Kings,0.0,6.0,DA Miller,"Punjab Cricket Association Stadium, Mohali",,,
374,IPL-2013,Jaipur,07-05-2013,Delhi Capitals,Rajasthan Royals,Delhi Capitals,bat,normal,1,Rajasthan Royals,0.0,9.0,AM Rahane,Sawai Mansingh Stadium,,,
375,IPL-2013,Mumbai,07-05-2013,Mumbai Indians,Kolkata Knight Riders,Mumbai Indians,bat,normal,1,Mumbai Indians,65.0,0.0,SR Tendulkar,Wankhede Stadium,,,
376,IPL-2013,Hyderabad,08-05-2013,Chennai Super Kings,Sunrisers Hyderabad,Sunrisers Hyderabad,field,normal,1,Chennai Super Kings,77.0,0.0,SK Raina,"Rajiv Gandhi International Stadium, Uppal",,,
377,IPL-2013,Chandigarh,09-05-2013,Punjab Kings,Rajasthan Royals,Rajasthan Royals,field,normal,1,Rajasthan Royals,0.0,8.0,KK Cooper,"Punjab Cricket Association Stadium, Mohali",,,
378,IPL-2013,Pune,09-05-2013,Kolkata Knight Riders,Pune Warriors India,Kolkata Knight Riders,bat,normal,1,Kolkata Knight Riders,46.0,0.0,G Gambhir,Subrata Roy Sahara Stadium,,,
379,IPL-2013,Delhi,10-05-2013,Royal Challengers Bangalore,Delhi Capitals,Delhi Capitals,field,normal,1,Royal Challengers Bangalore,4.0,0.0,JD Unadkat,Feroz Shah Kotla,,,
380,IPL-2013,Pune,11-05-2013,Pune Warriors India,Mumbai Indians,Pune Warriors India,bat,normal,1,Mumbai Indians,0.0,5.0,MG Johnson,Subrata Roy Sahara Stadium,,,
381,IPL-2013,Chandigarh,11-05-2013,Sunrisers Hyderabad,Punjab Kings,Punjab Kings,field,normal,1,Sunrisers Hyderabad,30.0,0.0,PA Patel,"Punjab Cricket Association Stadium, Mohali",,,
382,IPL-2013,Ranchi,12-05-2013,Royal Challengers Bangalore,Kolkata Knight Riders,Kolkata Knight Riders,field,normal,1,Kolkata Knight Riders,0.0,5.0,JH Kallis,JSCA International Stadium Complex,,,
383,IPL-2013,Jaipur,12-05-2013,Chennai Super Kings,Rajasthan Royals,Rajasthan Royals,field,normal,1,Rajasthan Royals,0.0,5.0,SR Watson,Sawai Mansingh Stadium,,,
384,IPL-2013,Mumbai,13-05-2013,Sunrisers Hyderabad,Mumbai Indians,Sunrisers Hyderabad,bat,normal,1,Mumbai Indians,0.0,7.0,KA Pollard,Wankhede Stadium,,,
385,IPL-2013,Bangalore,14-05-2013,Royal Challengers Bangalore,Punjab Kings,Punjab Kings,field,normal,1,Punjab Kings,0.0,7.0,AC Gilchrist,M Chinnaswamy Stadium,,,
386,IPL-2013,Chennai,14-05-2013,Chennai Super Kings,Delhi Capitals,Chennai Super Kings,bat,normal,1,Chennai Super Kings,33.0,0.0,MS Dhoni,"MA Chidambaram Stadium, Chepauk",,,
387,IPL-2013,Ranchi,15-05-2013,Pune Warriors India,Kolkata Knight Riders,Kolkata Knight Riders,field,normal,1,Pune Warriors India,7.0,0.0,MK Pandey,JSCA International Stadium Complex,,,
388,IPL-2013,Mumbai,15-05-2013,Mumbai Indians,Rajasthan Royals,Rajasthan Royals,field,normal,1,Mumbai Indians,14.0,0.0,AP Tare,Wankhede Stadium,,,
389,IPL-2013,Dharamsala,16-05-2013,Punjab Kings,Delhi Capitals,Delhi Capitals,field,normal,1,Punjab Kings,7.0,0.0,DA Miller,Himachal Pradesh Cricket Association Stadium,,,
390,IPL-2013,Hyderabad,17-05-2013,Sunrisers Hyderabad,Rajasthan Royals,Sunrisers Hyderabad,bat,normal,1,Sunrisers Hyderabad,23.0,0.0,A Mishra,"Rajiv Gandhi International Stadium, Uppal",,,
391,IPL-2013,Dharamsala,18-05-2013,Punjab Kings,Mumbai Indians,Mumbai Indians,field,normal,1,Punjab Kings,50.0,0.0,Azhar Mahmood,Himachal Pradesh Cricket Association Stadium,,,
392,IPL-2013,Bangalore,18-05-2013,Royal Challengers Bangalore,Chennai Super Kings,Chennai Super Kings,field,normal,1,Royal Challengers Bangalore,24.0,0.0,V Kohli,M Chinnaswamy Stadium,,,
393,IPL-2013,Pune,19-05-2013,Pune Warriors India,Delhi Capitals,Pune Warriors India,bat,normal,1,Pune Warriors India,38.0,0.0,LJ Wright,Subrata Roy Sahara Stadium,,,
394,IPL-2013,Hyderabad,19-05-2013,Kolkata Knight Riders,Sunrisers Hyderabad,Kolkata Knight Riders,bat,normal,1,Sunrisers Hyderabad,0.0,5.0,PA Patel,"Rajiv Gandhi International Stadium, Uppal",,,
395,IPL-2013,Delhi,21-05-2013,Chennai Super Kings,Mumbai Indians,Chennai Super Kings,bat,normal,1,Chennai Super Kings,48.0,0.0,MEK Hussey,Feroz Shah Kotla,,,
396,IPL-2013,Delhi,22-05-2013,Sunrisers Hyderabad,Rajasthan Royals,Sunrisers Hyderabad,bat,normal,1,Rajasthan Royals,0.0,4.0,BJ Hodge,Feroz Shah Kotla,,,
397,IPL-2013,Kolkata,24-05-2013,Rajasthan Royals,Mumbai Indians,Rajasthan Royals,bat,normal,1,Mumbai Indians,0.0,4.0,Harbhajan Singh,Eden Gardens,,,
398,IPL-2013,Kolkata,26-05-2013,Mumbai Indians,Chennai Super Kings,Mumbai Indians,bat,normal,1,Mumbai Indians,23.0,0.0,KA Pollard,Eden Gardens,,,
399,IPL-2014,Abu Dhabi,16-04-2014,Kolkata Knight Riders,Mumbai Indians,Kolkata Knight Riders,bat,normal,1,Kolkata Knight Riders,41.0,0.0,JH Kallis,Sheikh Zayed Stadium,,,
400,IPL-2014,Unknown,17-04-2014,Delhi Capitals,Royal Challengers Bangalore,Royal Challengers Bangalore,field,normal,1,Royal Challengers Bangalore,0.0,8.0,YS Chahal,Sharjah Cricket Stadium,,,
401,IPL-2014,Abu Dhabi,18-04-2014,Chennai Super Kings,Punjab Kings,Chennai Super Kings,bat,normal,1,Punjab Kings,0.0,6.0,GJ Maxwell,Sheikh Zayed Stadium,,,
402,IPL-2014,Abu Dhabi,18-04-2014,Sunrisers Hyderabad,Rajasthan Royals,Rajasthan Royals,field,normal,1,Rajasthan Royals,0.0,4.0,AM Rahane,Sheikh Zayed Stadium,,,
403,IPL-2014,Unknown,19-04-2014,Mumbai Indians,Royal Challengers Bangalore,Royal Challengers Bangalore,field,normal,1,Royal Challengers Bangalore,0.0,7.0,PA Patel,Dubai International Cricket Stadium,,,
404,IPL-2014,Unknown,19-04-2014,Kolkata Knight Riders,Delhi Capitals,Kolkata Knight Riders,bat,normal,1,Delhi Capitals,0.0,4.0,JP Duminy,Dubai International Cricket Stadium,,,
405,IPL-2014,Unknown,20-04-2014,Rajasthan Royals,Punjab Kings,Punjab Kings,field,normal,1,Punjab Kings,0.0,7.0,GJ Maxwell,Sharjah Cricket Stadium,,,
406,IPL-2014,Abu Dhabi,21-04-2014,Chennai Super Kings,Delhi Capitals,Chennai Super Kings,bat,normal,1,Chennai Super Kings,93.0,0.0,SK Raina,Sheikh Zayed Stadium,,,
407,IPL-2014,Unknown,22-04-2014,Punjab Kings,Sunrisers Hyderabad,Sunrisers Hyderabad,field,normal,1,Punjab Kings,72.0,0.0,GJ Maxwell,Sharjah Cricket Stadium,,,
408,IPL-2014,Unknown,23-04-2014,Chennai Super Kings,Rajasthan Royals,Rajasthan Royals,field,normal,1,Chennai Super Kings,7.0,0.0,RA Jadeja,Dubai International Cricket Stadium,,,
409,IPL-2014,Unknown,24-04-2014,Kolkata Knight Riders,Royal Challengers Bangalore,Royal Challengers Bangalore,field,normal,1,Kolkata Knight Riders,2.0,0.0,CA Lynn,Sharjah Cricket Stadium,,,
410,IPL-2014,Unknown,25-04-2014,Sunrisers Hyderabad,Delhi Capitals,Sunrisers Hyderabad,bat,normal,1,Sunrisers Hyderabad,4.0,0.0,AJ Finch,Dubai International Cricket Stadium,,,
411,IPL-2014,Unknown,25-04-2014,Mumbai Indians,Chennai Super Kings,Mumbai Indians,bat,normal,1,Chennai Super Kings,0.0,7.0,MM Sharma,Dubai International Cricket Stadium,,,
412,IPL-2014,Abu Dhabi,26-04-2014,Royal Challengers Bangalore,Rajasthan Royals,Rajasthan Royals,field,normal,1,Rajasthan Royals,0.0,6.0,PV Tambe,Sheikh Zayed Stadium,,,
413,IPL-2014,Abu Dhabi,26-04-2014,Punjab Kings,Kolkata Knight Riders,Kolkata Knight Riders,field,normal,1,Punjab Kings,23.0,0.0,Sandeep Sharma,Sheikh Zayed Stadium,,,
414,IPL-2014,Unknown,27-04-2014,Mumbai Indians,Delhi Capitals,Mumbai Indians,bat,normal,1,Delhi Capitals,0.0,6.0,M Vijay,Sharjah Cricket Stadium,,,
415,IPL-2014,Unknown,27-04-2014,Sunrisers Hyderabad,Chennai Super Kings,Sunrisers Hyderabad,bat,normal,1,Chennai Super Kings,0.0,5.0,DR Smith,Sharjah Cricket Stadium,,,
416,IPL-2014,Unknown,28-04-2014,Royal Challengers Bangalore,Punjab Kings,Punjab Kings,field,normal,1,Punjab Kings,0.0,5.0,Sandeep Sharma,Dubai International Cricket Stadium,,,
417,IPL-2014,Abu Dhabi,29-04-2014,Rajasthan Royals,Kolkata Knight Riders,Rajasthan Royals,bat,tie,1,Unknown,0.0,0.0,JP Faulkner,Sheikh Zayed Stadium,,,
418,IPL-2014,Unknown,30-04-2014,Sunrisers Hyderabad,Mumbai Indians,Mumbai Indians,field,normal,1,Sunrisers Hyderabad,15.0,0.0,B Kumar,Dubai International Cricket Stadium,,,
419,IPL-2014,Ranchi,02-05-2014,Chennai Super Kings,Kolkata Knight Riders,Chennai Super Kings,bat,normal,1,Chennai Super Kings,34.0,0.0,RA Jadeja,JSCA International Stadium Complex,,,
420,IPL-2014,Mumbai,03-05-2014,Punjab Kings,Mumbai Indians,Punjab Kings,bat,normal,1,Mumbai Indians,0.0,5.0,CJ Anderson,Wankhede Stadium,,,
421,IPL-2014,Delhi,03-05-2014,Delhi Capitals,Rajasthan Royals,Rajasthan Royals,field,normal,1,Rajasthan Royals,0.0,7.0,KK Nair,Feroz Shah Kotla,,,
422,IPL-2014,Bangalore,04-05-2014,Sunrisers Hyderabad,Royal Challengers Bangalore,Royal Challengers Bangalore,field,normal,1,Royal Challengers Bangalore,0.0,4.0,AB de Villiers,M Chinnaswamy Stadium,,,
423,IPL-2014,Ahmedabad,05-05-2014,Rajasthan Royals,Kolkata Knight Riders,Kolkata Knight Riders,field,normal,1,Rajasthan Royals,10.0,0.0,PV Tambe,"Sardar Patel Stadium, Motera",,,
424,IPL-2014,Delhi,05-05-2014,Delhi Capitals,Chennai Super Kings,Chennai Super Kings,field,normal,1,Chennai Super Kings,0.0,8.0,DR Smith,Feroz Shah Kotla,,,
425,IPL-2014,Mumbai,06-05-2014,Mumbai Indians,Royal Challengers Bangalore,Royal Challengers Bangalore,field,normal,1,Mumbai Indians,19.0,0.0,RG Sharma,Wankhede Stadium,,,
426,IPL-2014,Delhi,07-05-2014,Delhi Capitals,Kolkata Knight Riders,Delhi Capitals,bat,normal,1,Kolkata Knight Riders,0.0,8.0,G Gambhir,Feroz Shah Kotla,,,
427,IPL-2014,Cuttack,07-05-2014,Punjab Kings,Chennai Super Kings,Chennai Super Kings,field,normal,1,Punjab Kings,44.0,0.0,GJ Maxwell,Barabati Stadium,,,
428,IPL-2014,Ahmedabad,08-05-2014,Sunrisers Hyderabad,Rajasthan Royals,Rajasthan Royals,field,normal,1,Sunrisers Hyderabad,32.0,0.0,B Kumar,"Sardar Patel Stadium, Motera",,,
429,IPL-2014,Bangalore,09-05-2014,Punjab Kings,Royal Challengers Bangalore,Royal Challengers Bangalore,field,normal,1,Punjab Kings,32.0,0.0,Sandeep Sharma,M Chinnaswamy Stadium,,,
430,IPL-2014,Delhi,10-05-2014,Delhi Capitals,Sunrisers Hyderabad,Sunrisers Hyderabad,field,normal,1,Sunrisers Hyderabad,0.0,8.0,DW Steyn,Feroz Shah Kotla,,,
431,IPL-2014,Mumbai,10-05-2014,Mumbai Indians,Chennai Super Kings,Chennai Super Kings,field,normal,1,Chennai Super Kings,0.0,4.0,DR Smith,Wankhede Stadium,,,
432,IPL-2014,Cuttack,11-05-2014,Punjab Kings,Kolkata Knight Riders,Kolkata Knight Riders,field,normal,1,Kolkata Knight Riders,0.0,9.0,G Gambhir,Barabati Stadium,,,
433,IPL-2014,Bangalore,11-05-2014,Royal Challengers Bangalore,Rajasthan Royals,Royal Challengers Bangalore,bat,normal,1,Rajasthan Royals,0.0,5.0,JP Faulkner,M Chinnaswamy Stadium,,,
434,IPL-2014,Hyderabad,12-05-2014,Sunrisers Hyderabad,Mumbai Indians,Sunrisers Hyderabad,bat,normal,1,Mumbai Indians,0.0,7.0,AT Rayudu,"Rajiv Gandhi International Stadium, Uppal",,,
435,IPL-2014,Ranchi,13-05-2014,Rajasthan Royals,Chennai Super Kings,Rajasthan Royals,bat,normal,1,Chennai Super Kings,0.0,5.0,RA Jadeja,JSCA International Stadium Complex,,,
436,IPL-2014,Bangalore,13-05-2014,Royal Challengers Bangalore,Delhi Capitals,Delhi Capitals,field,normal,1,Royal Challengers Bangalore,16.0,0.0,Yuvraj Singh,M Chinnaswamy Stadium,,,
437,IPL-2014,Hyderabad,14-05-2014,Sunrisers Hyderabad,Punjab Kings,Punjab Kings,field,normal,1,Punjab Kings,0.0,6.0,WP Saha,"Rajiv Gandhi International Stadium, Uppal",,,
438,IPL-2014,Cuttack,14-05-2014,Mumbai Indians,Kolkata Knight Riders,Kolkata Knight Riders,field,normal,1,Kolkata Knight Riders,0.0,6.0,RV Uthappa,Barabati Stadium,,,
439,IPL-2014,Ahmedabad,15-05-2014,Rajasthan Royals,Delhi Capitals,Delhi Capitals,field,normal,1,Rajasthan Royals,62.0,0.0,AM Rahane,"Sardar Patel Stadium, Motera",,,
440,IPL-2014,Ranchi,18-05-2014,Chennai Super Kings,Royal Challengers Bangalore,Chennai Super Kings,bat,normal,1,Royal Challengers Bangalore,0.0,5.0,AB de Villiers,JSCA International Stadium Complex,,,
441,IPL-2014,Hyderabad,18-05-2014,Sunrisers Hyderabad,Kolkata Knight Riders,Sunrisers Hyderabad,bat,normal,1,Kolkata Knight Riders,0.0,7.0,UT Yadav,"Rajiv Gandhi International Stadium, Uppal",,,
442,IPL-2014,Ahmedabad,19-05-2014,Mumbai Indians,Rajasthan Royals,Mumbai Indians,bat,normal,1,Mumbai Indians,25.0,0.0,MEK Hussey,"Sardar Patel Stadium, Motera",,,
443,IPL-2014,Delhi,19-05-2014,Delhi Capitals,Punjab Kings,Punjab Kings,field,normal,1,Punjab Kings,0.0,4.0,AR Patel,Feroz Shah Kotla,,,
444,IPL-2014,Hyderabad,20-05-2014,Royal Challengers Bangalore,Sunrisers Hyderabad,Royal Challengers Bangalore,bat,normal,1,Sunrisers Hyderabad,0.0,7.0,DA Warner,"Rajiv Gandhi International Stadium, Uppal",,,
445,IPL-2014,Kolkata,20-05-2014,Chennai Super Kings,Kolkata Knight Riders,Kolkata Knight Riders,field,normal,1,Kolkata Knight Riders,0.0,8.0,RV Uthappa,Eden Gardens,,,
446,IPL-2014,Chandigarh,21-05-2014,Punjab Kings,Mumbai Indians,Mumbai Indians,field,normal,1,Mumbai Indians,0.0,7.0,LMP Simmons,"Punjab Cricket Association Stadium, Mohali",,,
447,IPL-2014,Kolkata,22-05-2014,Kolkata Knight Riders,Royal Challengers Bangalore,Royal Challengers Bangalore,field,normal,1,Kolkata Knight Riders,30.0,0.0,RV Uthappa,Eden Gardens,,,
448,IPL-2014,Ranchi,22-05-2014,Chennai Super Kings,Sunrisers Hyderabad,Sunrisers Hyderabad,field,normal,1,Sunrisers Hyderabad,0.0,6.0,DA Warner,JSCA International Stadium Complex,,,
449,IPL-2014,Mumbai,23-05-2014,Mumbai Indians,Delhi Capitals,Delhi Capitals,field,normal,1,Mumbai Indians,15.0,0.0,MEK Hussey,Wankhede Stadium,,,
450,IPL-2014,Chandigarh,23-05-2014,Punjab Kings,Rajasthan Royals,Rajasthan Royals,field,normal,1,Punjab Kings,16.0,0.0,SE Marsh,"Punjab Cricket Association Stadium, Mohali",,,
451,IPL-2014,Bangalore,24-05-2014,Royal Challengers Bangalore,Chennai Super Kings,Chennai Super Kings,field,normal,1,Chennai Super Kings,0.0,8.0,MS Dhoni,M Chinnaswamy Stadium,,,
452,IPL-2014,Kolkata,24-05-2014,Sunrisers Hyderabad,Kolkata Knight Riders,Kolkata Knight Riders,field,normal,1,Kolkata Knight Riders,0.0,4.0,YK Pathan,Eden Gardens,,,
453,IPL-2014,Chandigarh,25-05-2014,Delhi Capitals,Punjab Kings,Punjab Kings,field,normal,1,Punjab Kings,0.0,7.0,M Vohra,"Punjab Cricket Association Stadium, Mohali",,,
454,IPL-2014,Mumbai,25-05-2014,Rajasthan Royals,Mumbai Indians,Mumbai Indians,field,normal,1,Mumbai Indians,0.0,5.0,CJ Anderson,Wankhede Stadium,,,
455,IPL-2014,Kolkata,27-05-2014,Kolkata Knight Riders,Punjab Kings,Punjab Kings,field,normal,1,Kolkata Knight Riders,28.0,0.0,UT Yadav,Eden Gardens,,,
456,IPL-2014,Mumbai,28-05-2014,Mumbai Indians,Chennai Super Kings,Chennai Super Kings,field,normal,1,Chennai Super Kings,0.0,7.0,SK Raina,Brabourne Stadium,,,
457,IPL-2014,Mumbai,30-05-2014,Punjab Kings,Chennai Super Kings,Chennai Super Kings,field,normal,1,Punjab Kings,24.0,0.0,V Sehwag,Wankhede Stadium,,,
458,IPL-2014,Bangalore,01-06-2014,Punjab Kings,Kolkata Knight Riders,Kolkata Knight Riders,field,normal,1,Kolkata Knight Riders,0.0,3.0,MK Pandey,M Chinnaswamy Stadium,,,
459,IPL-2015,Kolkata,08-04-2015,Mumbai Indians,Kolkata Knight Riders,Kolkata Knight Riders,field,normal,1,Kolkata Knight Riders,0.0,7.0,M Morkel,Eden Gardens,,,
460,IPL-2015,Chennai,09-04-2015,Chennai Super Kings,Delhi Capitals,Delhi Capitals,field,normal,1,Chennai Super Kings,1.0,0.0,A Nehra,"MA Chidambaram Stadium, Chepauk",,,
461,IPL-2015,Pune,10-04-2015,Rajasthan Royals,Punjab Kings,Punjab Kings,field,normal,1,Rajasthan Royals,26.0,0.0,JP Faulkner,Maharashtra Cricket Association Stadium,,,
462,IPL-2015,Chennai,11-04-2015,Chennai Super Kings,Sunrisers Hyderabad,Chennai Super Kings,bat,normal,1,Chennai Super Kings,45.0,0.0,BB McCullum,"MA Chidambaram Stadium, Chepauk",,,
463,IPL-2015,Kolkata,11-04-2015,Kolkata Knight Riders,Royal Challengers Bangalore,Royal Challengers Bangalore,field,normal,1,Royal Challengers Bangalore,0.0,3.0,CH Gayle,Eden Gardens,,,
464,IPL-2015,Delhi,12-04-2015,Delhi Capitals,Rajasthan Royals,Rajasthan Royals,field,normal,1,Rajasthan Royals,0.0,3.0,DJ Hooda,Feroz Shah Kotla,,,
465,IPL-2015,Mumbai,12-04-2015,Punjab Kings,Mumbai Indians,Mumbai Indians,field,normal,1,Punjab Kings,18.0,0.0,GJ Bailey,Wankhede Stadium,,,
466,IPL-2015,Bangalore,13-04-2015,Royal Challengers Bangalore,Sunrisers Hyderabad,Sunrisers Hyderabad,field,normal,1,Sunrisers Hyderabad,0.0,8.0,DA Warner,M Chinnaswamy Stadium,,,
467,IPL-2015,Ahmedabad,14-04-2015,Mumbai Indians,Rajasthan Royals,Mumbai Indians,bat,normal,1,Rajasthan Royals,0.0,7.0,SPD Smith,"Sardar Patel Stadium, Motera",,,
468,IPL-2015,Pune,15-04-2015,Punjab Kings,Delhi Capitals,Punjab Kings,bat,normal,1,Delhi Capitals,0.0,5.0,MA Agarwal,Maharashtra Cricket Association Stadium,,,
469,IPL-2015,Visakhapatnam,16-04-2015,Sunrisers Hyderabad,Rajasthan Royals,Rajasthan Royals,field,normal,1,Rajasthan Royals,0.0,6.0,AM Rahane,Dr. Y.S. Rajasekhara Reddy ACA-VDCA Cricket Stadium,,,
470,IPL-2015,Mumbai,17-04-2015,Mumbai Indians,Chennai Super Kings,Mumbai Indians,bat,normal,1,Chennai Super Kings,0.0,6.0,A Nehra,Wankhede Stadium,,,
471,IPL-2015,Visakhapatnam,18-04-2015,Delhi Capitals,Sunrisers Hyderabad,Delhi Capitals,bat,normal,1,Delhi Capitals,4.0,0.0,JP Duminy,Dr. Y.S. Rajasekhara Reddy ACA-VDCA Cricket Stadium,,,
472,IPL-2015,Pune,18-04-2015,Punjab Kings,Kolkata Knight Riders,Kolkata Knight Riders,field,normal,1,Kolkata Knight Riders,0.0,4.0,AD Russell,Maharashtra Cricket Association Stadium,,,
473,IPL-2015,Ahmedabad,19-04-2015,Chennai Super Kings,Rajasthan Royals,Chennai Super Kings,bat,normal,1,Rajasthan Royals,0.0,8.0,AM Rahane,"Sardar Patel Stadium, Motera",,,
474,IPL-2015,Bangalore,19-04-2015,Mumbai Indians,Royal Challengers Bangalore,Royal Challengers Bangalore,field,normal,1,Mumbai Indians,18.0,0.0,Harbhajan Singh,M Chinnaswamy Stadium,,,
475,IPL-2015,Delhi,20-04-2015,Delhi Capitals,Kolkata Knight Riders,Kolkata Knight Riders,field,normal,1,Kolkata Knight Riders,0.0,6.0,UT Yadav,Feroz Shah Kotla,,,
476,IPL-2015,Ahmedabad,21-04-2015,Rajasthan Royals,Punjab Kings,Punjab Kings,field,tie,1,Unknown,0.0,0.0,SE Marsh,"Sardar Patel Stadium, Motera",,,
477,IPL-2015,Visakhapatnam,22-04-2015,Sunrisers Hyderabad,Kolkata Knight Riders,Kolkata Knight Riders,field,normal,1,Sunrisers Hyderabad,16.0,0.0,DA Warner,Dr. Y.S. Rajasekhara Reddy ACA-VDCA Cricket Stadium,,,
478,IPL-2015,Bangalore,22-04-2015,Chennai Super Kings,Royal Challengers Bangalore,Royal Challengers Bangalore,field,normal,1,Chennai Super Kings,27.0,0.0,SK Raina,M Chinnaswamy Stadium,,,
479,IPL-2015,Delhi,23-04-2015,Delhi Capitals,Mumbai Indians,Mumbai Indians,field,normal,1,Delhi Capitals,37.0,0.0,SS Iyer,Feroz Shah Kotla,,,
480,IPL-2015,Ahmedabad,24-04-2015,Rajasthan Royals,Royal Challengers Bangalore,Royal Challengers Bangalore,field,normal,1,Royal Challengers Bangalore,0.0,9.0,MA Starc,"Sardar Patel Stadium, Motera",,,
481,IPL-2015,Mumbai,25-04-2015,Mumbai Indians,Sunrisers Hyderabad,Mumbai Indians,bat,normal,1,Mumbai Indians,20.0,0.0,SL Malinga,Wankhede Stadium,,,
482,IPL-2015,Chennai,25-04-2015,Chennai Super Kings,Punjab Kings,Chennai Super Kings,bat,normal,1,Chennai Super Kings,97.0,0.0,BB McCullum,"MA Chidambaram Stadium, Chepauk",,,
483,IPL-2015,Delhi,26-04-2015,Delhi Capitals,Royal Challengers Bangalore,Royal Challengers Bangalore,field,normal,1,Royal Challengers Bangalore,0.0,10.0,VR Aaron,Feroz Shah Kotla,,,
484,IPL-2015,Chandigarh,27-04-2015,Sunrisers Hyderabad,Punjab Kings,Punjab Kings,field,normal,1,Sunrisers Hyderabad,20.0,0.0,TA Boult,"Punjab Cricket Association Stadium, Mohali",,,
485,IPL-2015,Chennai,28-04-2015,Chennai Super Kings,Kolkata Knight Riders,Kolkata Knight Riders,field,normal,1,Chennai Super Kings,2.0,0.0,DJ Bravo,"MA Chidambaram Stadium, Chepauk",,,
486,IPL-2015,Bangalore,29-04-2015,Royal Challengers Bangalore,Rajasthan Royals,Rajasthan Royals,field,no result,1,Unknown,0.0,0.0,Unknown,M Chinnaswamy Stadium,,,
487,IPL-2015,Kolkata,30-04-2015,Chennai Super Kings,Kolkata Knight Riders,Kolkata Knight Riders,field,normal,1,Kolkata Knight Riders,0.0,7.0,AD Russell,Eden Gardens,,,
488,IPL-2015,Delhi,01-05-2015,Punjab Kings,Delhi Capitals,Delhi Capitals,field,normal,1,Delhi Capitals,0.0,9.0,NM Coulter-Nile,Feroz Shah Kotla,,,
489,IPL-2015,Mumbai,01-05-2015,Mumbai Indians,Rajasthan Royals,Rajasthan Royals,field,normal,1,Mumbai Indians,8.0,0.0,AT Rayudu,Wankhede Stadium,,,
490,IPL-2015,Bangalore,02-05-2015,Kolkata Knight Riders,Royal Challengers Bangalore,Royal Challengers Bangalore,field,normal,1,Royal Challengers Bangalore,0.0,7.0,Mandeep Singh,M Chinnaswamy Stadium,,,
491,IPL-2015,Hyderabad,02-05-2015,Sunrisers Hyderabad,Chennai Super Kings,Chennai Super Kings,field,normal,1,Sunrisers Hyderabad,22.0,0.0,DA Warner,"Rajiv Gandhi International Stadium, Uppal",,,
492,IPL-2015,Chandigarh,03-05-2015,Mumbai Indians,Punjab Kings,Mumbai Indians,bat,normal,1,Mumbai Indians,23.0,0.0,LMP Simmons,"Punjab Cricket Association Stadium, Mohali",,,
493,IPL-2015,Mumbai,03-05-2015,Rajasthan Royals,Delhi Capitals,Delhi Capitals,field,normal,1,Rajasthan Royals,14.0,0.0,AM Rahane,Brabourne Stadium,,,
494,IPL-2015,Chennai,04-05-2015,Chennai Super Kings,Royal Challengers Bangalore,Chennai Super Kings,bat,normal,1,Chennai Super Kings,24.0,0.0,SK Raina,"MA Chidambaram Stadium, Chepauk",,,
495,IPL-2015,Kolkata,04-05-2015,Kolkata Knight Riders,Sunrisers Hyderabad,Sunrisers Hyderabad,field,normal,1,Kolkata Knight Riders,35.0,0.0,UT Yadav,Eden Gardens,,,
496,IPL-2015,Mumbai,05-05-2015,Delhi Capitals,Mumbai Indians,Delhi Capitals,bat,normal,1,Mumbai Indians,0.0,5.0,Harbhajan Singh,Wankhede Stadium,,,
497,IPL-2015,Bangalore,06-05-2015,Royal Challengers Bangalore,Punjab Kings,Punjab Kings,field,normal,1,Royal Challengers Bangalore,138.0,0.0,CH Gayle,M Chinnaswamy Stadium,,,
498,IPL-2015,Kolkata,07-05-2015,Kolkata Knight Riders,Delhi Capitals,Kolkata Knight Riders,bat,normal,1,Kolkata Knight Riders,13.0,0.0,PP Chawla,Eden Gardens,,,
499,IPL-2015,Mumbai,07-05-2015,Sunrisers Hyderabad,Rajasthan Royals,Rajasthan Royals,field,normal,1,Sunrisers Hyderabad,7.0,0.0,EJG Morgan,Brabourne Stadium,,,
500,IPL-2015,Chennai,08-05-2015,Chennai Super Kings,Mumbai Indians,Chennai Super Kings,bat,normal,1,Mumbai Indians,0.0,6.0,HH Pandya,"MA Chidambaram Stadium, Chepauk",,,
501,IPL-2015,Kolkata,09-05-2015,Punjab Kings,Kolkata Knight Riders,Punjab Kings,bat,normal,1,Kolkata Knight Riders,0.0,1.0,AD Russell,Eden Gardens,,,
502,IPL-2015,Raipur,09-05-2015,Sunrisers Hyderabad,Delhi Capitals,Sunrisers Hyderabad,bat,normal,1,Sunrisers Hyderabad,6.0,0.0,MC Henriques,Shaheed Veer Narayan Singh International Stadium,,,
503,IPL-2015,Mumbai,10-05-2015,Royal Challengers Bangalore,Mumbai Indians,Royal Challengers Bangalore,bat,normal,1,Royal Challengers Bangalore,39.0,0.0,AB de Villiers,Wankhede Stadium,,,
504,IPL-2015,Chennai,10-05-2015,Chennai Super Kings,Rajasthan Royals,Chennai Super Kings,bat,normal,1,Chennai Super Kings,12.0,0.0,RA Jadeja,"MA Chidambaram Stadium, Chepauk",,,
505,IPL-2015,Hyderabad,11-05-2015,Sunrisers Hyderabad,Punjab Kings,Sunrisers Hyderabad,bat,normal,1,Sunrisers Hyderabad,5.0,0.0,DA Warner,"Rajiv Gandhi International Stadium, Uppal",,,
506,IPL-2015,Raipur,12-05-2015,Chennai Super Kings,Delhi Capitals,Chennai Super Kings,bat,normal,1,Delhi Capitals,0.0,6.0,Z Khan,Shaheed Veer Narayan Singh International Stadium,,,
507,IPL-2015,Chandigarh,13-05-2015,Punjab Kings,Royal Challengers Bangalore,Royal Challengers Bangalore,field,normal,1,Punjab Kings,22.0,0.0,AR Patel,"Punjab Cricket Association Stadium, Mohali",,,
508,IPL-2015,Mumbai,14-05-2015,Mumbai Indians,Kolkata Knight Riders,Kolkata Knight Riders,field,normal,1,Mumbai Indians,5.0,0.0,HH Pandya,Wankhede Stadium,,,
509,IPL-2015,Hyderabad,15-05-2015,Sunrisers Hyderabad,Royal Challengers Bangalore,Sunrisers Hyderabad,bat,normal,1,Royal Challengers Bangalore,0.0,6.0,V Kohli,"Rajiv Gandhi International Stadium, Uppal",,,
510,IPL-2015,Chandigarh,16-05-2015,Punjab Kings,Chennai Super Kings,Punjab Kings,bat,normal,1,Chennai Super Kings,0.0,7.0,P Negi,"Punjab Cricket Association Stadium, Mohali",,,
511,IPL-2015,Mumbai,16-05-2015,Rajasthan Royals,Kolkata Knight Riders,Rajasthan Royals,bat,normal,1,Rajasthan Royals,9.0,0.0,SR Watson,Brabourne Stadium,,,
512,IPL-2015,Bangalore,17-05-2015,Delhi Capitals,Royal Challengers Bangalore,Royal Challengers Bangalore,field,no result,1,Unknown,0.0,0.0,Unknown,M Chinnaswamy Stadium,,,
513,IPL-2015,Hyderabad,17-05-2015,Sunrisers Hyderabad,Mumbai Indians,Sunrisers Hyderabad,bat,normal,1,Mumbai Indians,0.0,9.0,MJ McClenaghan,"Rajiv Gandhi International Stadium, Uppal",,,
514,IPL-2015,Mumbai,19-05-2015,Mumbai Indians,Chennai Super Kings,Mumbai Indians,bat,normal,1,Mumbai Indians,25.0,0.0,KA Pollard,Wankhede Stadium,,,
515,IPL-2015,Pune,20-05-2015,Royal Challengers Bangalore,Rajasthan Royals,Royal Challengers Bangalore,bat,normal,1,Royal Challengers Bangalore,71.0,0.0,AB de Villiers,Maharashtra Cricket Association Stadium,,,
516,IPL-2015,Ranchi,22-05-2015,Royal Challengers Bangalore,Chennai Super Kings,Chennai Super Kings,field,normal,1,Chennai Super Kings,0.0,3.0,A Nehra,JSCA International Stadium Complex,,,
517,IPL-2015,Kolkata,24-05-2015,Mumbai Indians,Chennai Super Kings,Chennai Super Kings,field,normal,1,Mumbai Indians,41.0,0.0,RG Sharma,Eden Gardens,,,
518,IPL-2016,Mumbai,09-04-2016,Mumbai Indians,Rising Pune Supergiant,Mumbai Indians,bat,normal,1,Rising Pune Supergiant,0.0,9.0,AM Rahane,Wankhede Stadium,,,
519,IPL-2016,Kolkata,10-04-2016,Delhi Capitals,Kolkata Knight Riders,Kolkata Knight Riders,field,normal,1,Kolkata Knight Riders,0.0,9.0,AD Russell,Eden Gardens,,,
520,IPL-2016,Chandigarh,11-04-2016,Punjab Kings,Gujarat Lions,Gujarat Lions,field,normal,1,Gujarat Lions,0.0,5.0,AJ Finch,"Punjab Cricket Association IS Bindra Stadium, Mohali",,,
521,IPL-2016,Bangalore,12-04-2016,Royal Challengers Bangalore,Sunrisers Hyderabad,Sunrisers Hyderabad,field,normal,1,Royal Challengers Bangalore,45.0,0.0,AB de Villiers,M Chinnaswamy Stadium,,,
522,IPL-2016,Kolkata,13-04-2016,Kolkata Knight Riders,Mumbai Indians,Mumbai Indians,field,normal,1,Mumbai Indians,0.0,6.0,RG Sharma,Eden Gardens,,,
523,IPL-2016,Rajkot,14-04-2016,Rising Pune Supergiant,Gujarat Lions,Rising Pune Supergiant,bat,normal,1,Gujarat Lions,0.0,7.0,AJ Finch,Saurashtra Cricket Association Stadium,,,
524,IPL-2016,Delhi,15-04-2016,Punjab Kings,Delhi Capitals,Delhi Capitals,field,normal,1,Delhi Capitals,0.0,8.0,A Mishra,Feroz Shah Kotla,,,
525,IPL-2016,Hyderabad,16-04-2016,Sunrisers Hyderabad,Kolkata Knight Riders,Sunrisers Hyderabad,bat,normal,1,Kolkata Knight Riders,0.0,8.0,G Gambhir,"Rajiv Gandhi International Stadium, Uppal",,,
526,IPL-2016,Mumbai,16-04-2016,Mumbai Indians,Gujarat Lions,Gujarat Lions,field,normal,1,Gujarat Lions,0.0,3.0,AJ Finch,Wankhede Stadium,,,
527,IPL-2016,Chandigarh,17-04-2016,Rising Pune Supergiant,Punjab Kings,Rising Pune Supergiant,bat,normal,1,Punjab Kings,0.0,6.0,M Vohra,"Punjab Cricket Association IS Bindra Stadium, Mohali",,,
528,IPL-2016,Bangalore,17-04-2016,Royal Challengers Bangalore,Delhi Capitals,Delhi Capitals,field,normal,1,Delhi Capitals,0.0,7.0,Q de Kock,M Chinnaswamy Stadium,,,
529,IPL-2016,Hyderabad,18-04-2016,Mumbai Indians,Sunrisers Hyderabad,Sunrisers Hyderabad,field,normal,1,Sunrisers Hyderabad,0.0,7.0,DA Warner,"Rajiv Gandhi International Stadium, Uppal",,,
530,IPL-2016,Chandigarh,19-04-2016,Punjab Kings,Kolkata Knight Riders,Kolkata Knight Riders,field,normal,1,Kolkata Knight Riders,0.0,6.0,RV Uthappa,"Punjab Cricket Association IS Bindra Stadium, Mohali",,,
531,IPL-2016,Mumbai,20-04-2016,Royal Challengers Bangalore,Mumbai Indians,Mumbai Indians,field,normal,1,Mumbai Indians,0.0,6.0,RG Sharma,Wankhede Stadium,,,
532,IPL-2016,Rajkot,21-04-2016,Gujarat Lions,Sunrisers Hyderabad,Sunrisers Hyderabad,field,normal,1,Sunrisers Hyderabad,0.0,10.0,B Kumar,Saurashtra Cricket Association Stadium,,,
533,IPL-2016,Pune,22-04-2016,Royal Challengers Bangalore,Rising Pune Supergiant,Rising Pune Supergiant,field,normal,1,Royal Challengers Bangalore,13.0,0.0,AB de Villiers,Maharashtra Cricket Association Stadium,,,
534,IPL-2016,Delhi,23-04-2016,Delhi Capitals,Mumbai Indians,Mumbai Indians,field,normal,1,Delhi Capitals,10.0,0.0,SV Samson,Feroz Shah Kotla,,,
535,IPL-2016,Hyderabad,23-04-2016,Punjab Kings,Sunrisers Hyderabad,Sunrisers Hyderabad,field,normal,1,Sunrisers Hyderabad,0.0,5.0,Mustafizur Rahman,"Rajiv Gandhi International Stadium, Uppal",,,
536,IPL-2016,Rajkot,24-04-2016,Royal Challengers Bangalore,Gujarat Lions,Royal Challengers Bangalore,bat,normal,1,Gujarat Lions,0.0,6.0,V Kohli,Saurashtra Cricket Association Stadium,,,
537,IPL-2016,Pune,24-04-2016,Rising Pune Supergiant,Kolkata Knight Riders,Kolkata Knight Riders,field,normal,1,Kolkata Knight Riders,0.0,2.0,SA Yadav,Maharashtra Cricket Association Stadium,,,
538,IPL-2016,Chandigarh,25-04-2016,Mumbai Indians,Punjab Kings,Punjab Kings,field,normal,1,Mumbai Indians,25.0,0.0,PA Patel,"Punjab Cricket Association IS Bindra Stadium, Mohali",,,
539,IPL-2016,Hyderabad,26-04-2016,Sunrisers Hyderabad,Rising Pune Supergiant,Rising Pune Supergiant,field,normal,1,Rising Pune Supergiant,34.0,0.0,AB Dinda,"Rajiv Gandhi International Stadium, Uppal",,,
540,IPL-2016,Delhi,27-04-2016,Gujarat Lions,Delhi Capitals,Delhi Capitals,field,normal,1,Gujarat Lions,1.0,0.0,CH Morris,Feroz Shah Kotla,,,
541,IPL-2016,Mumbai,28-04-2016,Kolkata Knight Riders,Mumbai Indians,Mumbai Indians,field,normal,1,Mumbai Indians,0.0,6.0,RG Sharma,Wankhede Stadium,,,
542,IPL-2016,Pune,29-04-2016,Rising Pune Supergiant,Gujarat Lions,Gujarat Lions,field,normal,1,Gujarat Lions,0.0,3.0,DR Smith,Maharashtra Cricket Association Stadium,,,
543,IPL-2016,Delhi,30-04-2016,Delhi Capitals,Kolkata Knight Riders,Kolkata Knight Riders,field,normal,1,Delhi Capitals,27.0,0.0,CR Brathwaite,Feroz Shah Kotla,,,
544,IPL-2016,Hyderabad,30-04-2016,Sunrisers Hyderabad,Royal Challengers Bangalore,Royal Challengers Bangalore,field,normal,1,Sunrisers Hyderabad,15.0,0.0,DA Warner,"Rajiv Gandhi International Stadium, Uppal",,,
545,IPL-2016,Rajkot,01-05-2016,Punjab Kings,Gujarat Lions,Gujarat Lions,field,normal,1,Punjab Kings,23.0,0.0,AR Patel,Saurashtra Cricket Association Stadium,,,
546,IPL-2016,Pune,01-05-2016,Rising Pune Supergiant,Mumbai Indians,Mumbai Indians,field,normal,1,Mumbai Indians,0.0,8.0,RG Sharma,Maharashtra Cricket Association Stadium,,,
547,IPL-2016,Bangalore,02-05-2016,Royal Challengers Bangalore,Kolkata Knight Riders,Kolkata Knight Riders,field,normal,1,Kolkata Knight Riders,0.0,5.0,AD Russell,M Chinnaswamy Stadium,,,
548,IPL-2016,Rajkot,03-05-2016,Gujarat Lions,Delhi Capitals,Delhi Capitals,field,normal,1,Delhi Capitals,0.0,8.0,RR Pant,Saurashtra Cricket Association Stadium,,,
549,IPL-2016,Kolkata,04-05-2016,Kolkata Knight Riders,Punjab Kings,Punjab Kings,field,normal,1,Kolkata Knight Riders,7.0,0.0,AD Russell,Eden Gardens,,,
550,IPL-2016,Delhi,05-05-2016,Delhi Capitals,Rising Pune Supergiant,Rising Pune Supergiant,field,normal,1,Rising Pune Supergiant,0.0,7.0,AM Rahane,Feroz Shah Kotla,,,
551,IPL-2016,Hyderabad,06-05-2016,Gujarat Lions,Sunrisers Hyderabad,Sunrisers Hyderabad,field,normal,1,Sunrisers Hyderabad,0.0,5.0,B Kumar,"Rajiv Gandhi International Stadium, Uppal",,,
552,IPL-2016,Bangalore,07-05-2016,Rising Pune Supergiant,Royal Challengers Bangalore,Royal Challengers Bangalore,field,normal,1,Royal Challengers Bangalore,0.0,7.0,V Kohli,M Chinnaswamy Stadium,,,
553,IPL-2016,Chandigarh,07-05-2016,Punjab Kings,Delhi Capitals,Delhi Capitals,field,normal,1,Punjab Kings,9.0,0.0,MP Stoinis,"Punjab Cricket Association IS Bindra Stadium, Mohali",,,
554,IPL-2016,Visakhapatnam,08-05-2016,Sunrisers Hyderabad,Mumbai Indians,Mumbai Indians,field,normal,1,Sunrisers Hyderabad,85.0,0.0,A Nehra,Dr. Y.S. Rajasekhara Reddy ACA-VDCA Cricket Stadium,,,
555,IPL-2016,Kolkata,08-05-2016,Kolkata Knight Riders,Gujarat Lions,Gujarat Lions,field,normal,1,Gujarat Lions,0.0,5.0,P Kumar,Eden Gardens,,,
556,IPL-2016,Chandigarh,09-05-2016,Royal Challengers Bangalore,Punjab Kings,Punjab Kings,field,normal,1,Royal Challengers Bangalore,1.0,0.0,SR Watson,"Punjab Cricket Association IS Bindra Stadium, Mohali",,,
557,IPL-2016,Visakhapatnam,10-05-2016,Sunrisers Hyderabad,Rising Pune Supergiant,Sunrisers Hyderabad,bat,normal,1,Sunrisers Hyderabad,4.0,0.0,A Zampa,Dr. Y.S. Rajasekhara Reddy ACA-VDCA Cricket Stadium,,,
558,IPL-2016,Bangalore,11-05-2016,Royal Challengers Bangalore,Mumbai Indians,Mumbai Indians,field,normal,1,Mumbai Indians,0.0,6.0,KH Pandya,M Chinnaswamy Stadium,,,
559,IPL-2016,Hyderabad,12-05-2016,Sunrisers Hyderabad,Delhi Capitals,Delhi Capitals,field,normal,1,Delhi Capitals,0.0,7.0,CH Morris,"Rajiv Gandhi International Stadium, Uppal",,,
560,IPL-2016,Visakhapatnam,13-05-2016,Mumbai Indians,Punjab Kings,Mumbai Indians,bat,normal,1,Punjab Kings,0.0,7.0,MP Stoinis,Dr. Y.S. Rajasekhara Reddy ACA-VDCA Cricket Stadium,,,
561,IPL-2016,Bangalore,14-05-2016,Royal Challengers Bangalore,Gujarat Lions,Gujarat Lions,field,normal,1,Royal Challengers Bangalore,144.0,0.0,AB de Villiers,M Chinnaswamy Stadium,,,
562,IPL-2016,Kolkata,14-05-2016,Rising Pune Supergiant,Kolkata Knight Riders,Rising Pune Supergiant,bat,normal,1,Kolkata Knight Riders,0.0,8.0,YK Pathan,Eden Gardens,,,
563,IPL-2016,Chandigarh,15-05-2016,Punjab Kings,Sunrisers Hyderabad,Punjab Kings,bat,normal,1,Sunrisers Hyderabad,0.0,7.0,HM Amla,"Punjab Cricket Association IS Bindra Stadium, Mohali",,,
564,IPL-2016,Visakhapatnam,15-05-2016,Mumbai Indians,Delhi Capitals,Delhi Capitals,field,normal,1,Mumbai Indians,80.0,0.0,KH Pandya,Dr. Y.S. Rajasekhara Reddy ACA-VDCA Cricket Stadium,,,
565,IPL-2016,Kolkata,16-05-2016,Kolkata Knight Riders,Royal Challengers Bangalore,Royal Challengers Bangalore,field,normal,1,Royal Challengers Bangalore,0.0,9.0,V Kohli,Eden Gardens,,,
566,IPL-2016,Visakhapatnam,17-05-2016,Delhi Capitals,Rising Pune Supergiant,Rising Pune Supergiant,field,normal,1,Rising Pune Supergiant,19.0,0.0,AB Dinda,Dr. Y.S. Rajasekhara Reddy ACA-VDCA Cricket Stadium,,,
567,IPL-2016,Bangalore,18-05-2016,Royal Challengers Bangalore,Punjab Kings,Punjab Kings,field,normal,1,Royal Challengers Bangalore,82.0,0.0,V Kohli,M Chinnaswamy Stadium,,,
568,IPL-2016,Kanpur,19-05-2016,Kolkata Knight Riders,Gujarat Lions,Gujarat Lions,field,normal,1,Gujarat Lions,0.0,6.0,DR Smith,Green Park,,,
569,IPL-2016,Raipur,20-05-2016,Sunrisers Hyderabad,Delhi Capitals,Delhi Capitals,field,normal,1,Delhi Capitals,0.0,6.0,KK Nair,Shaheed Veer Narayan Singh International Stadium,,,
570,IPL-2016,Visakhapatnam,21-05-2016,Punjab Kings,Rising Pune Supergiant,Punjab Kings,bat,normal,1,Rising Pune Supergiant,0.0,4.0,MS Dhoni,Dr. Y.S. Rajasekhara Reddy ACA-VDCA Cricket Stadium,,,
571,IPL-2016,Kanpur,21-05-2016,Mumbai Indians,Gujarat Lions,Gujarat Lions,field,normal,1,Gujarat Lions,0.0,6.0,SK Raina,Green Park,,,
572,IPL-2016,Kolkata,22-05-2016,Kolkata Knight Riders,Sunrisers Hyderabad,Sunrisers Hyderabad,field,normal,1,Kolkata Knight Riders,22.0,0.0,YK Pathan,Eden Gardens,,,
573,IPL-2016,Raipur,22-05-2016,Delhi Capitals,Royal Challengers Bangalore,Royal Challengers Bangalore,field,normal,1,Royal Challengers Bangalore,0.0,6.0,V Kohli,Shaheed Veer Narayan Singh International Stadium,,,
574,IPL-2016,Bangalore,24-05-2016,Gujarat Lions,Royal Challengers Bangalore,Royal Challengers Bangalore,field,normal,1,Royal Challengers Bangalore,0.0,4.0,AB de Villiers,M Chinnaswamy Stadium,,,
575,IPL-2016,Delhi,25-05-2016,Sunrisers Hyderabad,Kolkata Knight Riders,Kolkata Knight Riders,field,normal,1,Sunrisers Hyderabad,22.0,0.0,MC Henriques,Feroz Shah Kotla,,,
576,IPL-2016,Delhi,27-05-2016,Gujarat Lions,Sunrisers Hyderabad,Sunrisers Hyderabad,field,normal,1,Sunrisers Hyderabad,0.0,4.0,DA Warner,Feroz Shah Kotla,,,
577,IPL-2016,Bangalore,29-05-2016,Sunrisers Hyderabad,Royal Challengers Bangalore,Sunrisers Hyderabad,bat,normal,1,Sunrisers Hyderabad,8.0,0.0,BCJ Cutting,M Chinnaswamy Stadium,,,
578,IPL-2017,Hyderabad,05-04-2017,Sunrisers Hyderabad,Royal Challengers Bangalore,Royal Challengers Bangalore,field,normal,1,Sunrisers Hyderabad,35.0,0.0,Yuvraj Singh,"Rajiv Gandhi International Stadium, Uppal",,,
579,IPL-2017,Pune,06-04-2017,Mumbai Indians,Rising Pune Supergiant,Rising Pune Supergiant,field,normal,1,Rising Pune Supergiant,0.0,7.0,SPD Smith,Maharashtra Cricket Association Stadium,,,
580,IPL-2017,Rajkot,07-04-2017,Gujarat Lions,Kolkata Knight Riders,Kolkata Knight Riders,field,normal,1,Kolkata Knight Riders,0.0,10.0,CA Lynn,Saurashtra Cricket Association Stadium,,,
581,IPL-2017,Indore,08-04-2017,Rising Pune Supergiant,Punjab Kings,Punjab Kings,field,normal,1,Punjab Kings,0.0,6.0,GJ Maxwell,Holkar Cricket Stadium,,,
582,IPL-2017,Bengaluru,08-04-2017,Royal Challengers Bangalore,Delhi Capitals,Royal Challengers Bangalore,bat,normal,1,Royal Challengers Bangalore,15.0,0.0,KM Jadhav,M.Chinnaswamy Stadium,,,
583,IPL-2017,Hyderabad,09-04-2017,Gujarat Lions,Sunrisers Hyderabad,Sunrisers Hyderabad,field,normal,1,Sunrisers Hyderabad,0.0,9.0,Rashid Khan,"Rajiv Gandhi International Stadium, Uppal",,,
584,IPL-2017,Mumbai,09-04-2017,Kolkata Knight Riders,Mumbai Indians,Mumbai Indians,field,normal,1,Mumbai Indians,0.0,4.0,N Rana,Wankhede Stadium,,,
585,IPL-2017,Indore,10-04-2017,Royal Challengers Bangalore,Punjab Kings,Royal Challengers Bangalore,bat,normal,1,Punjab Kings,0.0,8.0,AR Patel,Holkar Cricket Stadium,,,
586,IPL-2017,Pune,11-04-2017,Delhi Capitals,Rising Pune Supergiant,Rising Pune Supergiant,field,normal,1,Delhi Capitals,97.0,0.0,SV Samson,Maharashtra Cricket Association Stadium,,,
587,IPL-2017,Mumbai,12-04-2017,Sunrisers Hyderabad,Mumbai Indians,Mumbai Indians,field,normal,1,Mumbai Indians,0.0,4.0,JJ Bumrah,Wankhede Stadium,,,
588,IPL-2017,Kolkata,13-04-2017,Punjab Kings,Kolkata Knight Riders,Kolkata Knight Riders,field,normal,1,Kolkata Knight Riders,0.0,8.0,SP Narine,Eden Gardens,,,
589,IPL-2017,Bangalore,14-04-2017,Royal Challengers Bangalore,Mumbai Indians,Mumbai Indians,field,normal,1,Mumbai Indians,0.0,4.0,KA Pollard,M Chinnaswamy Stadium,,,
590,IPL-2017,Rajkot,14-04-2017,Rising Pune Supergiant,Gujarat Lions,Gujarat Lions,field,normal,1,Gujarat Lions,0.0,7.0,AJ Tye,Saurashtra Cricket Association Stadium,,,
591,IPL-2017,Kolkata,15-04-2017,Kolkata Knight Riders,Sunrisers Hyderabad,Sunrisers Hyderabad,field,normal,1,Kolkata Knight Riders,17.0,0.0,RV Uthappa,Eden Gardens,,,
592,IPL-2017,Delhi,15-04-2017,Delhi Capitals,Punjab Kings,Delhi Capitals,bat,normal,1,Delhi Capitals,51.0,0.0,CJ Anderson,Feroz Shah Kotla,,,
593,IPL-2017,Mumbai,16-04-2017,Gujarat Lions,Mumbai Indians,Mumbai Indians,field,normal,1,Mumbai Indians,0.0,6.0,N Rana,Wankhede Stadium,,,
594,IPL-2017,Bangalore,16-04-2017,Rising Pune Supergiant,Royal Challengers Bangalore,Royal Challengers Bangalore,field,normal,1,Rising Pune Supergiant,27.0,0.0,BA Stokes,M Chinnaswamy Stadium,,,
595,IPL-2017,Delhi,17-04-2017,Delhi Capitals,Kolkata Knight Riders,Delhi Capitals,bat,normal,1,Kolkata Knight Riders,0.0,4.0,NM Coulter-Nile,Feroz Shah Kotla,,,
596,IPL-2017,Hyderabad,17-04-2017,Sunrisers Hyderabad,Punjab Kings,Punjab Kings,field,normal,1,Sunrisers Hyderabad,5.0,0.0,B Kumar,"Rajiv Gandhi International Stadium, Uppal",,,
597,IPL-2017,Rajkot,18-04-2017,Royal Challengers Bangalore,Gujarat Lions,Gujarat Lions,field,normal,1,Royal Challengers Bangalore,21.0,0.0,CH Gayle,Saurashtra Cricket Association Stadium,,,
598,IPL-2017,Hyderabad,19-04-2017,Sunrisers Hyderabad,Delhi Capitals,Sunrisers Hyderabad,bat,normal,1,Sunrisers Hyderabad,15.0,0.0,KS Williamson,"Rajiv Gandhi International Stadium, Uppal",,,
599,IPL-2017,Indore,20-04-2017,Punjab Kings,Mumbai Indians,Mumbai Indians,field,normal,1,Mumbai Indians,0.0,8.0,JC Buttler,Holkar Cricket Stadium,,,
600,IPL-2017,Kolkata,21-04-2017,Kolkata Knight Riders,Gujarat Lions,Gujarat Lions,field,normal,1,Gujarat Lions,0.0,4.0,SK Raina,Eden Gardens,,,
601,IPL-2017,Mumbai,22-04-2017,Mumbai Indians,Delhi Capitals,Delhi Capitals,field,normal,1,Mumbai Indians,14.0,0.0,MJ McClenaghan,Wankhede Stadium,,,
602,IPL-2017,Pune,22-04-2017,Sunrisers Hyderabad,Rising Pune Supergiant,Rising Pune Supergiant,field,normal,1,Rising Pune Supergiant,0.0,6.0,MS Dhoni,Maharashtra Cricket Association Stadium,,,
603,IPL-2017,Rajkot,23-04-2017,Punjab Kings,Gujarat Lions,Gujarat Lions,field,normal,1,Punjab Kings,26.0,0.0,HM Amla,Saurashtra Cricket Association Stadium,,,
604,IPL-2017,Kolkata,23-04-2017,Kolkata Knight Riders,Royal Challengers Bangalore,Royal Challengers Bangalore,field,normal,1,Kolkata Knight Riders,82.0,0.0,NM Coulter-Nile,Eden Gardens,,,
605,IPL-2017,Mumbai,24-04-2017,Rising Pune Supergiant,Mumbai Indians,Mumbai Indians,field,normal,1,Rising Pune Supergiant,3.0,0.0,BA Stokes,Wankhede Stadium,,,
606,IPL-2017,Pune,26-04-2017,Rising Pune Supergiant,Kolkata Knight Riders,Kolkata Knight Riders,field,normal,1,Kolkata Knight Riders,0.0,7.0,RV Uthappa,Maharashtra Cricket Association Stadium,,,
607,IPL-2017,Bangalore,27-04-2017,Royal Challengers Bangalore,Gujarat Lions,Gujarat Lions,field,normal,1,Gujarat Lions,0.0,7.0,AJ Tye,M Chinnaswamy Stadium,,,
608,IPL-2017,Kolkata,28-04-2017,Delhi Capitals,Kolkata Knight Riders,Kolkata Knight Riders,field,normal,1,Kolkata Knight Riders,0.0,7.0,G Gambhir,Eden Gardens,,,
609,IPL-2017,Chandigarh,28-04-2017,Sunrisers Hyderabad,Punjab Kings,Punjab Kings,field,normal,1,Sunrisers Hyderabad,26.0,0.0,Rashid Khan,"Punjab Cricket Association IS Bindra Stadium, Mohali",,,
610,IPL-2017,Pune,29-04-2017,Rising Pune Supergiant,Royal Challengers Bangalore,Royal Challengers Bangalore,field,normal,1,Rising Pune Supergiant,61.0,0.0,LH Ferguson,Maharashtra Cricket Association Stadium,,,
611,IPL-2017,Rajkot,29-04-2017,Gujarat Lions,Mumbai Indians,Gujarat Lions,bat,tie,1,Unknown,0.0,0.0,KH Pandya,Saurashtra Cricket Association Stadium,,,
612,IPL-2017,Chandigarh,30-04-2017,Delhi Capitals,Punjab Kings,Punjab Kings,field,normal,1,Punjab Kings,0.0,10.0,Sandeep Sharma,"Punjab Cricket Association IS Bindra Stadium, Mohali",,,
613,IPL-2017,Hyderabad,30-04-2017,Sunrisers Hyderabad,Kolkata Knight Riders,Kolkata Knight Riders,field,normal,1,Sunrisers Hyderabad,48.0,0.0,DA Warner,"Rajiv Gandhi International Stadium, Uppal",,,
614,IPL-2017,Mumbai,01-05-2017,Royal Challengers Bangalore,Mumbai Indians,Royal Challengers Bangalore,bat,normal,1,Mumbai Indians,0.0,5.0,RG Sharma,Wankhede Stadium,,,
615,IPL-2017,Pune,01-05-2017,Gujarat Lions,Rising Pune Supergiant,Rising Pune Supergiant,field,normal,1,Rising Pune Supergiant,0.0,5.0,BA Stokes,Maharashtra Cricket Association Stadium,,,
616,IPL-2017,Delhi,02-05-2017,Sunrisers Hyderabad,Delhi Capitals,Delhi Capitals,field,normal,1,Delhi Capitals,0.0,6.0,Mohammed Shami,Feroz Shah Kotla,,,
617,IPL-2017,Kolkata,03-05-2017,Kolkata Knight Riders,Rising Pune Supergiant,Rising Pune Supergiant,field,normal,1,Rising Pune Supergiant,0.0,4.0,RA Tripathi,Eden Gardens,,,
618,IPL-2017,Delhi,04-05-2017,Gujarat Lions,Delhi Capitals,Delhi Capitals,field,normal,1,Delhi Capitals,0.0,7.0,RR Pant,Feroz Shah Kotla,,,
619,IPL-2017,Bangalore,05-05-2017,Punjab Kings,Royal Challengers Bangalore,Royal Challengers Bangalore,field,normal,1,Punjab Kings,19.0,0.0,Sandeep Sharma,M Chinnaswamy Stadium,,,
620,IPL-2017,Hyderabad,06-05-2017,Rising Pune Supergiant,Sunrisers Hyderabad,Sunrisers Hyderabad,field,normal,1,Rising Pune Supergiant,12.0,0.0,JD Unadkat,"Rajiv Gandhi International Stadium, Uppal",,,
621,IPL-2017,Delhi,06-05-2017,Mumbai Indians,Delhi Capitals,Delhi Capitals,field,normal,1,Mumbai Indians,146.0,0.0,LMP Simmons,Feroz Shah Kotla,,,
622,IPL-2017,Bangalore,07-05-2017,Royal Challengers Bangalore,Kolkata Knight Riders,Kolkata Knight Riders,field,normal,1,Kolkata Knight Riders,0.0,6.0,SP Narine,M Chinnaswamy Stadium,,,
623,IPL-2017,Chandigarh,07-05-2017,Punjab Kings,Gujarat Lions,Gujarat Lions,field,normal,1,Gujarat Lions,0.0,6.0,DR Smith,"Punjab Cricket Association IS Bindra Stadium, Mohali",,,
624,IPL-2017,Hyderabad,08-05-2017,Mumbai Indians,Sunrisers Hyderabad,Mumbai Indians,bat,normal,1,Sunrisers Hyderabad,0.0,7.0,S Dhawan,"Rajiv Gandhi International Stadium, Uppal",,,
625,IPL-2017,Chandigarh,09-05-2017,Punjab Kings,Kolkata Knight Riders,Kolkata Knight Riders,field,normal,1,Punjab Kings,14.0,0.0,MM Sharma,"Punjab Cricket Association IS Bindra Stadium, Mohali",,,
626,IPL-2017,Kanpur,10-05-2017,Gujarat Lions,Delhi Capitals,Delhi Capitals,field,normal,1,Delhi Capitals,0.0,2.0,SS Iyer,Green Park,,,
627,IPL-2017,Mumbai,11-05-2017,Punjab Kings,Mumbai Indians,Mumbai Indians,field,normal,1,Punjab Kings,7.0,0.0,WP Saha,Wankhede Stadium,,,
628,IPL-2017,Delhi,12-05-2017,Delhi Capitals,Rising Pune Supergiant,Delhi Capitals,bat,normal,1,Delhi Capitals,7.0,0.0,KK Nair,Feroz Shah Kotla,,,
629,IPL-2017,Kanpur,13-05-2017,Gujarat Lions,Sunrisers Hyderabad,Sunrisers Hyderabad,field,normal,1,Sunrisers Hyderabad,0.0,8.0,Mohammed Siraj,Green Park,,,
630,IPL-2017,Kolkata,13-05-2017,Mumbai Indians,Kolkata Knight Riders,Kolkata Knight Riders,field,normal,1,Mumbai Indians,9.0,0.0,AT Rayudu,Eden Gardens,,,
631,IPL-2017,Pune,14-05-2017,Punjab Kings,Rising Pune Supergiant,Rising Pune Supergiant,field,normal,1,Rising Pune Supergiant,0.0,9.0,JD Unadkat,Maharashtra Cricket Association Stadium,,,
632,IPL-2017,Delhi,14-05-2017,Royal Challengers Bangalore,Delhi Capitals,Royal Challengers Bangalore,bat,normal,1,Royal Challengers Bangalore,10.0,0.0,HV Patel,Feroz Shah Kotla,,,
633,IPL-2017,Mumbai,16-05-2017,Rising Pune Supergiant,Mumbai Indians,Mumbai Indians,field,normal,1,Rising Pune Supergiant,20.0,0.0,Washington Sundar,Wankhede Stadium,,,
634,IPL-2017,Bangalore,17-05-2017,Sunrisers Hyderabad,Kolkata Knight Riders,Kolkata Knight Riders,field,normal,1,Kolkata Knight Riders,0.0,7.0,NM Coulter-Nile,M Chinnaswamy Stadium,,,
635,IPL-2017,Bangalore,19-05-2017,Kolkata Knight Riders,Mumbai Indians,Mumbai Indians,field,normal,1,Mumbai Indians,0.0,6.0,KV Sharma,M Chinnaswamy Stadium,,,
636,IPL-2017,Hyderabad,21-05-2017,Mumbai Indians,Rising Pune Supergiant,Mumbai Indians,bat,normal,1,Mumbai Indians,1.0,0.0,KH Pandya,"Rajiv Gandhi International Stadium, Uppal",,,
637,IPL-2018,Mumbai,07-04-2018,Mumbai Indians,Chennai Super Kings,Chennai Super Kings,field,normal,1,Chennai Super Kings,0.0,1.0,DJ Bravo,Wankhede Stadium,,,
638,IPL-2018,Chandigarh,08-04-2018,Delhi Capitals,Punjab Kings,Punjab Kings,field,normal,1,Punjab Kings,0.0,6.0,KL Rahul,Punjab Cricket Association IS Bindra Stadium,,,
639,IPL-2018,Kolkata,08-04-2018,Royal Challengers Bangalore,Kolkata Knight Riders,Kolkata Knight Riders,field,normal,1,Kolkata Knight Riders,0.0,4.0,SP Narine,Eden Gardens,,,
640,IPL-2018,Hyderabad,09-04-2018,Rajasthan Royals,Sunrisers Hyderabad,Sunrisers Hyderabad,field,normal,1,Sunrisers Hyderabad,0.0,9.0,S Dhawan,Rajiv Gandhi International Stadium,,,
641,IPL-2018,Chennai,10-04-2018,Kolkata Knight Riders,Chennai Super Kings,Chennai Super Kings,field,normal,1,Chennai Super Kings,0.0,5.0,SW Billings,MA Chidambaram Stadium,,,
642,IPL-2018,Jaipur,11-04-2018,Rajasthan Royals,Delhi Capitals,Delhi Capitals,field,normal,1,Rajasthan Royals,10.0,0.0,SV Samson,Sawai Mansingh Stadium,,,
643,IPL-2018,Hyderabad,12-04-2018,Mumbai Indians,Sunrisers Hyderabad,Sunrisers Hyderabad,field,normal,1,Sunrisers Hyderabad,0.0,1.0,Rashid Khan,Rajiv Gandhi International Stadium,,,
644,IPL-2018,Bengaluru,13-04-2018,Punjab Kings,Royal Challengers Bangalore,Royal Challengers Bangalore,field,normal,1,Royal Challengers Bangalore,0.0,4.0,UT Yadav,M.Chinnaswamy Stadium,,,
645,IPL-2018,Mumbai,14-04-2018,Mumbai Indians,Delhi Capitals,Delhi Capitals,field,normal,1,Delhi Capitals,0.0,7.0,JJ Roy,Wankhede Stadium,,,
646,IPL-2018,Kolkata,14-04-2018,Kolkata Knight Riders,Sunrisers Hyderabad,Sunrisers Hyderabad,field,normal,1,Sunrisers Hyderabad,0.0,5.0,B Stanlake,Eden Gardens,,,
647,IPL-2018,Bengaluru,15-04-2018,Rajasthan Royals,Royal Challengers Bangalore,Royal Challengers Bangalore,field,normal,1,Rajasthan Royals,19.0,0.0,SV Samson,M.Chinnaswamy Stadium,,,
648,IPL-2018,Chandigarh,15-04-2018,Punjab Kings,Chennai Super Kings,Chennai Super Kings,field,normal,1,Punjab Kings,4.0,0.0,CH Gayle,Punjab Cricket Association IS Bindra Stadium,,,
649,IPL-2018,Kolkata,16-04-2018,Kolkata Knight Riders,Delhi Capitals,Delhi Capitals,field,normal,1,Kolkata Knight Riders,71.0,0.0,N Rana,Eden Gardens,,,
650,IPL-2018,Mumbai,17-04-2018,Mumbai Indians,Royal Challengers Bangalore,Royal Challengers Bangalore,field,normal,1,Mumbai Indians,46.0,0.0,RG Sharma,Wankhede Stadium,,,
651,IPL-2018,Jaipur,18-04-2018,Rajasthan Royals,Kolkata Knight Riders,Kolkata Knight Riders,field,normal,1,Kolkata Knight Riders,0.0,7.0,N Rana,Sawai Mansingh Stadium,,,
652,IPL-2018,Chandigarh,19-04-2018,Punjab Kings,Sunrisers Hyderabad,Punjab Kings,bat,normal,1,Punjab Kings,15.0,0.0,CH Gayle,Punjab Cricket Association IS Bindra Stadium,,,
653,IPL-2018,Pune,20-04-2018,Chennai Super Kings,Rajasthan Royals,Rajasthan Royals,field,normal,1,Chennai Super Kings,64.0,0.0,SR Watson,Maharashtra Cricket Association Stadium,,,
654,IPL-2018,Kolkata,21-04-2018,Kolkata Knight Riders,Punjab Kings,Punjab Kings,field,normal,1,Punjab Kings,0.0,9.0,KL Rahul,Eden Gardens,,,
655,IPL-2018,Bengaluru,21-04-2018,Delhi Capitals,Royal Challengers Bangalore,Royal Challengers Bangalore,field,normal,1,Royal Challengers Bangalore,0.0,6.0,AB de Villiers,M.Chinnaswamy Stadium,,,
656,IPL-2018,Hyderabad,22-04-2018,Chennai Super Kings,Sunrisers Hyderabad,Sunrisers Hyderabad,field,normal,1,Chennai Super Kings,4.0,0.0,AT Rayudu,Rajiv Gandhi International Stadium,,,
657,IPL-2018,Jaipur,22-04-2018,Mumbai Indians,Rajasthan Royals,Mumbai Indians,bat,normal,1,Rajasthan Royals,0.0,3.0,JC Archer,Sawai Mansingh Stadium,,,
658,IPL-2018,Delhi,23-04-2018,Punjab Kings,Delhi Capitals,Delhi Capitals,field,normal,1,Punjab Kings,4.0,0.0,AS Rajpoot,Arun Jaitley Stadium,,,
659,IPL-2018,Mumbai,24-04-2018,Sunrisers Hyderabad,Mumbai Indians,Mumbai Indians,field,normal,1,Sunrisers Hyderabad,31.0,0.0,Rashid Khan,Wankhede Stadium,,,
660,IPL-2018,Bengaluru,25-04-2018,Royal Challengers Bangalore,Chennai Super Kings,Chennai Super Kings,field,normal,1,Chennai Super Kings,0.0,5.0,MS Dhoni,M.Chinnaswamy Stadium,,,
661,IPL-2018,Hyderabad,26-04-2018,Sunrisers Hyderabad,Punjab Kings,Punjab Kings,field,normal,1,Sunrisers Hyderabad,13.0,0.0,AS Rajpoot,Rajiv Gandhi International Stadium,,,
662,IPL-2018,Delhi,27-04-2018,Delhi Capitals,Kolkata Knight Riders,Kolkata Knight Riders,field,normal,1,Delhi Capitals,55.0,0.0,SS Iyer,Arun Jaitley Stadium,,,
663,IPL-2018,Pune,28-04-2018,Chennai Super Kings,Mumbai Indians,Mumbai Indians,field,normal,1,Mumbai Indians,0.0,8.0,RG Sharma,Maharashtra Cricket Association Stadium,,,
664,IPL-2018,Jaipur,29-04-2018,Sunrisers Hyderabad,Rajasthan Royals,Sunrisers Hyderabad,bat,normal,1,Sunrisers Hyderabad,11.0,0.0,KS Williamson,Sawai Mansingh Stadium,,,
665,IPL-2018,Bengaluru,29-04-2018,Royal Challengers Bangalore,Kolkata Knight Riders,Kolkata Knight Riders,field,normal,1,Kolkata Knight Riders,0.0,6.0,CA Lynn,M.Chinnaswamy Stadium,,,
666,IPL-2018,Pune,30-04-2018,Chennai Super Kings,Delhi Capitals,Delhi Capitals,field,normal,1,Chennai Super Kings,13.0,0.0,SR Watson,Maharashtra Cricket Association Stadium,,,
667,IPL-2018,Bengaluru,01-05-2018,Royal Challengers Bangalore,Mumbai Indians,Mumbai Indians,field,normal,1,Royal Challengers Bangalore,14.0,0.0,TG Southee,M.Chinnaswamy Stadium,,,
668,IPL-2018,Delhi,02-05-2018,Delhi Capitals,Rajasthan Royals,Rajasthan Royals,field,normal,1,Delhi Capitals,4.0,0.0,RR Pant,Arun Jaitley Stadium,,,
669,IPL-2018,Kolkata,03-05-2018,Chennai Super Kings,Kolkata Knight Riders,Kolkata Knight Riders,field,normal,1,Kolkata Knight Riders,0.0,6.0,SP Narine,Eden Gardens,,,
670,IPL-2018,Indore,04-05-2018,Punjab Kings,Mumbai Indians,Mumbai Indians,field,normal,1,Mumbai Indians,0.0,6.0,SA Yadav,Holkar Cricket Stadium,,,
671,IPL-2018,Pune,05-05-2018,Royal Challengers Bangalore,Chennai Super Kings,Chennai Super Kings,field,normal,1,Chennai Super Kings,0.0,6.0,RA Jadeja,Maharashtra Cricket Association Stadium,,,
672,IPL-2018,Hyderabad,05-05-2018,Delhi Capitals,Sunrisers Hyderabad,Delhi Capitals,bat,normal,1,Sunrisers Hyderabad,0.0,7.0,Rashid Khan,Rajiv Gandhi International Stadium,,,
673,IPL-2018,Mumbai,06-05-2018,Mumbai Indians,Kolkata Knight Riders,Kolkata Knight Riders,field,normal,1,Mumbai Indians,13.0,0.0,HH Pandya,Wankhede Stadium,,,
674,IPL-2018,Indore,06-05-2018,Rajasthan Royals,Punjab Kings,Punjab Kings,field,normal,1,Punjab Kings,0.0,6.0,Mujeeb Ur Rahman,Holkar Cricket Stadium,,,
675,IPL-2018,Hyderabad,07-05-2018,Sunrisers Hyderabad,Royal Challengers Bangalore,Royal Challengers Bangalore,field,normal,1,Sunrisers Hyderabad,5.0,0.0,KS Williamson,Rajiv Gandhi International Stadium,,,
676,IPL-2018,Jaipur,08-05-2018,Rajasthan Royals,Punjab Kings,Rajasthan Royals,bat,normal,1,Rajasthan Royals,15.0,0.0,JC Buttler,Sawai Mansingh Stadium,,,
677,IPL-2018,Kolkata,09-05-2018,Mumbai Indians,Kolkata Knight Riders,Kolkata Knight Riders,field,normal,1,Mumbai Indians,102.0,0.0,Ishan Kishan,Eden Gardens,,,
678,IPL-2018,Delhi,10-05-2018,Delhi Capitals,Sunrisers Hyderabad,Delhi Capitals,bat,normal,1,Sunrisers Hyderabad,0.0,9.0,S Dhawan,Arun Jaitley Stadium,,,
679,IPL-2018,Jaipur,11-05-2018,Chennai Super Kings,Rajasthan Royals,Chennai Super Kings,bat,normal,1,Rajasthan Royals,0.0,4.0,JC Buttler,Sawai Mansingh Stadium,,,
680,IPL-2018,Indore,12-05-2018,Kolkata Knight Riders,Punjab Kings,Punjab Kings,field,normal,1,Kolkata Knight Riders,31.0,0.0,SP Narine,Holkar Cricket Stadium,,,
681,IPL-2018,Delhi,12-05-2018,Delhi Capitals,Royal Challengers Bangalore,Royal Challengers Bangalore,field,normal,1,Royal Challengers Bangalore,0.0,5.0,AB de Villiers,Arun Jaitley Stadium,,,
682,IPL-2018,Pune,13-05-2018,Sunrisers Hyderabad,Chennai Super Kings,Chennai Super Kings,field,normal,1,Chennai Super Kings,0.0,8.0,AT Rayudu,Maharashtra Cricket Association Stadium,,,
683,IPL-2018,Mumbai,13-05-2018,Mumbai Indians,Rajasthan Royals,Rajasthan Royals,field,normal,1,Rajasthan Royals,0.0,7.0,JC Buttler,Wankhede Stadium,,,
684,IPL-2018,Indore,14-05-2018,Punjab Kings,Royal Challengers Bangalore,Royal Challengers Bangalore,field,normal,1,Royal Challengers Bangalore,0.0,10.0,UT Yadav,Holkar Cricket Stadium,,,
685,IPL-2018,Kolkata,15-05-2018,Rajasthan Royals,Kolkata Knight Riders,Kolkata Knight Riders,field,normal,1,Kolkata Knight Riders,0.0,6.0,Kuldeep Yadav,Eden Gardens,,,
686,IPL-2018,Mumbai,16-05-2018,Mumbai Indians,Punjab Kings,Punjab Kings,field,normal,1,Mumbai Indians,3.0,0.0,JJ Bumrah,Wankhede Stadium,,,
687,IPL-2018,Bengaluru,17-05-2018,Royal Challengers Bangalore,Sunrisers Hyderabad,Sunrisers Hyderabad,field,normal,1,Royal Challengers Bangalore,14.0,0.0,AB de Villiers,M.Chinnaswamy Stadium,,,
688,IPL-2018,Delhi,18-05-2018,Delhi Capitals,Chennai Super Kings,Chennai Super Kings,field,normal,1,Delhi Capitals,34.0,0.0,HV Patel,Arun Jaitley Stadium,,,
689,IPL-2018,Jaipur,19-05-2018,Rajasthan Royals,Royal Challengers Bangalore,Rajasthan Royals,bat,normal,1,Rajasthan Royals,30.0,0.0,S Gopal,Sawai Mansingh Stadium,,,
690,IPL-2018,Hyderabad,19-05-2018,Sunrisers Hyderabad,Kolkata Knight Riders,Sunrisers Hyderabad,bat,normal,1,Kolkata Knight Riders,0.0,5.0,CA Lynn,Rajiv Gandhi International Stadium,,,
691,IPL-2018,Delhi,20-05-2018,Delhi Capitals,Mumbai Indians,Delhi Capitals,bat,normal,1,Delhi Capitals,11.0,0.0,A Mishra,Arun Jaitley Stadium,,,
692,IPL-2018,Pune,20-05-2018,Punjab Kings,Chennai Super Kings,Chennai Super Kings,field,normal,1,Chennai Super Kings,0.0,5.0,L Ngidi,Maharashtra Cricket Association Stadium,,,
693,IPL-2018,Mumbai,22-05-2018,Sunrisers Hyderabad,Chennai Super Kings,Chennai Super Kings,field,normal,1,Chennai Super Kings,0.0,2.0,F du Plessis,Wankhede Stadium,,,
694,IPL-2018,Kolkata,23-05-2018,Kolkata Knight Riders,Rajasthan Royals,Rajasthan Royals,field,normal,1,Kolkata Knight Riders,25.0,0.0,AD Russell,Eden Gardens,,,
695,IPL-2018,Kolkata,25-05-2018,Sunrisers Hyderabad,Kolkata Knight Riders,Kolkata Knight Riders,field,normal,1,Sunrisers Hyderabad,14.0,0.0,Rashid Khan,Eden Gardens,,,
696,IPL-2018,Mumbai,27-05-2018,Sunrisers Hyderabad,Chennai Super Kings,Chennai Super Kings,field,normal,1,Chennai Super Kings,0.0,8.0,SR Watson,Wankhede Stadium,,,
697,IPL-2019,Chennai,23-03-2019,Royal Challengers Bangalore,Chennai Super Kings,Chennai Super Kings,field,normal,1,Chennai Super Kings,0.0,7.0,Harbhajan Singh,MA Chidambaram Stadium,,,
698,IPL-2019,Kolkata,24-03-2019,Sunrisers Hyderabad,Kolkata Knight Riders,Kolkata Knight Riders,field,normal,1,Kolkata Knight Riders,0.0,6.0,AD Russell,Eden Gardens,,,
699,IPL-2019,Mumbai,24-03-2019,Delhi Capitals,Mumbai Indians,Mumbai Indians,field,normal,1,Delhi Capitals,37.0,0.0,RR Pant,Wankhede Stadium,,,
700,IPL-2019,Jaipur,25-03-2019,Punjab Kings,Rajasthan Royals,Rajasthan Royals,field,normal,1,Punjab Kings,14.0,0.0,CH Gayle,Sawai Mansingh Stadium,,,
701,IPL-2019,Delhi,26-03-2019,Delhi Capitals,Chennai Super Kings,Delhi Capitals,bat,normal,1,Chennai Super Kings,0.0,6.0,SR Watson,Arun Jaitley Stadium,,,
702,IPL-2019,Kolkata,27-03-2019,Kolkata Knight Riders,Punjab Kings,Punjab Kings,field,normal,1,Kolkata Knight Riders,28.0,0.0,AD Russell,Eden Gardens,,,
703,IPL-2019,Bengaluru,28-03-2019,Mumbai Indians,Royal Challengers Bangalore,Royal Challengers Bangalore,field,normal,1,Mumbai Indians,6.0,0.0,JJ Bumrah,M.Chinnaswamy Stadium,,,
704,IPL-2019,Hyderabad,29-03-2019,Rajasthan Royals,Sunrisers Hyderabad,Rajasthan Royals,bat,normal,1,Sunrisers Hyderabad,0.0,5.0,Rashid Khan,Rajiv Gandhi International Stadium,,,
705,IPL-2019,Chandigarh,30-03-2019,Mumbai Indians,Punjab Kings,Punjab Kings,field,normal,1,Punjab Kings,0.0,8.0,MA Agarwal,Punjab Cricket Association IS Bindra Stadium,,,
706,IPL-2019,Delhi,30-03-2019,Kolkata Knight Riders,Delhi Capitals,Delhi Capitals,field,tie,1,Unknown,0.0,0.0,PP Shaw,Arun Jaitley Stadium,,,
707,IPL-2019,Hyderabad,31-03-2019,Sunrisers Hyderabad,Royal Challengers Bangalore,Royal Challengers Bangalore,field,normal,1,Sunrisers Hyderabad,118.0,0.0,JM Bairstow,Rajiv Gandhi International Stadium,,,
708,IPL-2019,Chennai,31-03-2019,Chennai Super Kings,Rajasthan Royals,Rajasthan Royals,field,normal,1,Chennai Super Kings,8.0,0.0,MS Dhoni,MA Chidambaram Stadium,,,
709,IPL-2019,Chandigarh,01-04-2019,Punjab Kings,Delhi Capitals,Delhi Capitals,field,normal,1,Punjab Kings,14.0,0.0,SM Curran,Punjab Cricket Association IS Bindra Stadium,,,
710,IPL-2019,Jaipur,02-04-2019,Royal Challengers Bangalore,Rajasthan Royals,Rajasthan Royals,field,normal,1,Rajasthan Royals,0.0,7.0,S Gopal,Sawai Mansingh Stadium,,,
711,IPL-2019,Mumbai,03-04-2019,Mumbai Indians,Chennai Super Kings,Chennai Super Kings,field,normal,1,Mumbai Indians,37.0,0.0,HH Pandya,Wankhede Stadium,,,
712,IPL-2019,Delhi,04-04-2019,Delhi Capitals,Sunrisers Hyderabad,Sunrisers Hyderabad,field,normal,1,Sunrisers Hyderabad,0.0,5.0,JM Bairstow,Arun Jaitley Stadium,,,
713,IPL-2019,Bengaluru,05-04-2019,Royal Challengers Bangalore,Kolkata Knight Riders,Kolkata Knight Riders,field,normal,1,Kolkata Knight Riders,0.0,5.0,AD Russell,M.Chinnaswamy Stadium,,,
714,IPL-2019,Chennai,06-04-2019,Chennai Super Kings,Punjab Kings,Chennai Super Kings,bat,normal,1,Chennai Super Kings,22.0,0.0,Harbhajan Singh,MA Chidambaram Stadium,,,
715,IPL-2019,Hyderabad,06-04-2019,Mumbai Indians,Sunrisers Hyderabad,Sunrisers Hyderabad,field,normal,1,Mumbai Indians,40.0,0.0,AS Joseph,Rajiv Gandhi International Stadium,,,
716,IPL-2019,Bengaluru,07-04-2019,Royal Challengers Bangalore,Delhi Capitals,Delhi Capitals,field,normal,1,Delhi Capitals,0.0,4.0,K Rabada,M.Chinnaswamy Stadium,,,
717,IPL-2019,Jaipur,07-04-2019,Rajasthan Royals,Kolkata Knight Riders,Kolkata Knight Riders,field,normal,1,Kolkata Knight Riders,0.0,8.0,HF Gurney,Sawai Mansingh Stadium,,,
718,IPL-2019,Chandigarh,08-04-2019,Sunrisers Hyderabad,Punjab Kings,Punjab Kings,field,normal,1,Punjab Kings,0.0,6.0,KL Rahul,Punjab Cricket Association IS Bindra Stadium,,,
719,IPL-2019,Chennai,09-04-2019,Kolkata Knight Riders,Chennai Super Kings,Chennai Super Kings,field,normal,1,Chennai Super Kings,0.0,7.0,DL Chahar,MA Chidambaram Stadium,,,
720,IPL-2019,Mumbai,10-04-2019,Punjab Kings,Mumbai Indians,Mumbai Indians,field,normal,1,Mumbai Indians,0.0,3.0,KA Pollard,Wankhede Stadium,,,
721,IPL-2019,Jaipur,11-04-2019,Rajasthan Royals,Chennai Super Kings,Chennai Super Kings,field,normal,1,Chennai Super Kings,0.0,4.0,MS Dhoni,Sawai Mansingh Stadium,,,
722,IPL-2019,Kolkata,12-04-2019,Kolkata Knight Riders,Delhi Capitals,Delhi Capitals,field,normal,1,Delhi Capitals,0.0,7.0,S Dhawan,Eden Gardens,,,
723,IPL-2019,Mumbai,13-04-2019,Mumbai Indians,Rajasthan Royals,Rajasthan Royals,field,normal,1,Rajasthan Royals,0.0,4.0,JC Buttler,Wankhede Stadium,,,
724,IPL-2019,Chandigarh,13-04-2019,Punjab Kings,Royal Challengers Bangalore,Royal Challengers Bangalore,field,normal,1,Royal Challengers Bangalore,0.0,8.0,AB de Villiers,Punjab Cricket Association IS Bindra Stadium,,,
725,IPL-2019,Kolkata,14-04-2019,Kolkata Knight Riders,Chennai Super Kings,Chennai Super Kings,field,normal,1,Chennai Super Kings,0.0,5.0,Imran Tahir,Eden Gardens,,,
726,IPL-2019,Hyderabad,14-04-2019,Delhi Capitals,Sunrisers Hyderabad,Sunrisers Hyderabad,field,normal,1,Delhi Capitals,39.0,0.0,KMA Paul,Rajiv Gandhi International Stadium,,,
727,IPL-2019,Mumbai,15-04-2019,Royal Challengers Bangalore,Mumbai Indians,Mumbai Indians,field,normal,1,Mumbai Indians,0.0,5.0,SL Malinga,Wankhede Stadium,,,
728,IPL-2019,Chandigarh,16-04-2019,Punjab Kings,Rajasthan Royals,Rajasthan Royals,field,normal,1,Punjab Kings,12.0,0.0,R Ashwin,Punjab Cricket Association IS Bindra Stadium,,,
729,IPL-2019,Hyderabad,17-04-2019,Chennai Super Kings,Sunrisers Hyderabad,Chennai Super Kings,bat,normal,1,Sunrisers Hyderabad,0.0,6.0,DA Warner,Rajiv Gandhi International Stadium,,,
730,IPL-2019,Delhi,18-04-2019,Mumbai Indians,Delhi Capitals,Mumbai Indians,bat,normal,1,Mumbai Indians,40.0,0.0,HH Pandya,Arun Jaitley Stadium,,,
731,IPL-2019,Kolkata,19-04-2019,Royal Challengers Bangalore,Kolkata Knight Riders,Kolkata Knight Riders,field,normal,1,Royal Challengers Bangalore,10.0,0.0,V Kohli,Eden Gardens,,,
732,IPL-2019,Jaipur,20-04-2019,Mumbai Indians,Rajasthan Royals,Rajasthan Royals,field,normal,1,Rajasthan Royals,0.0,5.0,SPD Smith,Sawai Mansingh Stadium,,,
733,IPL-2019,Delhi,20-04-2019,Punjab Kings,Delhi Capitals,Delhi Capitals,field,normal,1,Delhi Capitals,0.0,5.0,SS Iyer,Arun Jaitley Stadium,,,
734,IPL-2019,Hyderabad,21-04-2019,Kolkata Knight Riders,Sunrisers Hyderabad,Sunrisers Hyderabad,field,normal,1,Sunrisers Hyderabad,0.0,9.0,KK Ahmed,Rajiv Gandhi International Stadium,,,
735,IPL-2019,Bengaluru,21-04-2019,Royal Challengers Bangalore,Chennai Super Kings,Chennai Super Kings,field,normal,1,Royal Challengers Bangalore,1.0,0.0,PA Patel,M.Chinnaswamy Stadium,,,
736,IPL-2019,Jaipur,22-04-2019,Rajasthan Royals,Delhi Capitals,Delhi Capitals,field,normal,1,Delhi Capitals,0.0,6.0,RR Pant,Sawai Mansingh Stadium,,,
737,IPL-2019,Chennai,23-04-2019,Sunrisers Hyderabad,Chennai Super Kings,Chennai Super Kings,field,normal,1,Chennai Super Kings,0.0,6.0,SR Watson,MA Chidambaram Stadium,,,
738,IPL-2019,Bengaluru,24-04-2019,Royal Challengers Bangalore,Punjab Kings,Punjab Kings,field,normal,1,Royal Challengers Bangalore,17.0,0.0,AB de Villiers,M.Chinnaswamy Stadium,,,
739,IPL-2019,Kolkata,25-04-2019,Kolkata Knight Riders,Rajasthan Royals,Rajasthan Royals,field,normal,1,Rajasthan Royals,0.0,3.0,VR Aaron,Eden Gardens,,,
740,IPL-2019,Chennai,26-04-2019,Mumbai Indians,Chennai Super Kings,Chennai Super Kings,field,normal,1,Mumbai Indians,46.0,0.0,RG Sharma,MA Chidambaram Stadium,,,
741,IPL-2019,Jaipur,27-04-2019,Sunrisers Hyderabad,Rajasthan Royals,Rajasthan Royals,field,normal,1,Rajasthan Royals,0.0,7.0,JD Unadkat,Sawai Mansingh Stadium,,,
742,IPL-2019,Delhi,28-04-2019,Delhi Capitals,Royal Challengers Bangalore,Delhi Capitals,bat,normal,1,Delhi Capitals,16.0,0.0,S Dhawan,Arun Jaitley Stadium,,,
743,IPL-2019,Kolkata,28-04-2019,Kolkata Knight Riders,Mumbai Indians,Mumbai Indians,field,normal,1,Kolkata Knight Riders,34.0,0.0,AD Russell,Eden Gardens,,,
744,IPL-2019,Hyderabad,29-04-2019,Sunrisers Hyderabad,Punjab Kings,Punjab Kings,field,normal,1,Sunrisers Hyderabad,45.0,0.0,DA Warner,Rajiv Gandhi International Stadium,,,
745,IPL-2019,Bengaluru,30-04-2019,Royal Challengers Bangalore,Rajasthan Royals,Rajasthan Royals,field,no result,1,Unknown,0.0,0.0,Unknown,M.Chinnaswamy Stadium,,,
746,IPL-2019,Chennai,01-05-2019,Chennai Super Kings,Delhi Capitals,Delhi Capitals,field,normal,1,Chennai Super Kings,80.0,0.0,MS Dhoni,MA Chidambaram Stadium,,,
747,IPL-2019,Mumbai,02-05-2019,Mumbai Indians,Sunrisers Hyderabad,Mumbai Indians,bat,tie,1,Unknown,0.0,0.0,JJ Bumrah,Wankhede Stadium,,,
748,IPL-2019,Chandigarh,03-05-2019,Punjab Kings,Kolkata Knight Riders,Kolkata Knight Riders,field,normal,1,Kolkata Knight Riders,0.0,7.0,Shubman Gill,Punjab Cricket Association IS Bindra Stadium,,,
749,IPL-2019,Delhi,04-05-2019,Rajasthan Royals,Delhi Capitals,Rajasthan Royals,bat,normal,1,Delhi Capitals,0.0,5.0,A Mishra,Arun Jaitley Stadium,,,
750,IPL-2019,Bengaluru,04-05-2019,Sunrisers Hyderabad,Royal Challengers Bangalore,Royal Challengers Bangalore,field,normal,1,Royal Challengers Bangalore,0.0,4.0,SO Hetmyer,M.Chinnaswamy Stadium,,,
751,IPL-2019,Chandigarh,05-05-2019,Chennai Super Kings,Punjab Kings,Punjab Kings,field,normal,1,Punjab Kings,0.0,6.0,KL Rahul,Punjab Cricket Association IS Bindra Stadium,,,
752,IPL-2019,Mumbai,05-05-2019,Kolkata Knight Riders,Mumbai Indians,Mumbai Indians,field,normal,1,Mumbai Indians,0.0,9.0,HH Pandya,Wankhede Stadium,,,
753,IPL-2019,Chennai,07-05-2019,Chennai Super Kings,Mumbai Indians,Chennai Super Kings,bat,normal,1,Mumbai Indians,0.0,6.0,SA Yadav,MA Chidambaram Stadium,,,
754,IPL-2019,Visakhapatnam,08-05-2019,Sunrisers Hyderabad,Delhi Capitals,Delhi Capitals,field,normal,1,Delhi Capitals,0.0,2.0,RR Pant,Dr. Y.S. Rajasekhara Reddy ACA-VDCA Cricket Stadium,,,
755,IPL-2019,Visakhapatnam,10-05-2019,Delhi Capitals,Chennai Super Kings,Chennai Super Kings,field,normal,1,Chennai Super Kings,0.0,6.0,F du Plessis,Dr. Y.S. Rajasekhara Reddy ACA-VDCA Cricket Stadium,,,
756,IPL-2019,Hyderabad,12-05-2019,Mumbai Indians,Chennai Super Kings,Mumbai Indians,bat,normal,1,Mumbai Indians,1.0,0.0,JJ Bumrah,Rajiv Gandhi International Stadium,,,
757,IPL-2021,Abu Dhabi,19-09-2020,Mumbai Indians,Chennai Super Kings,Chennai Super Kings,field,normal,1,Chennai Super Kings,0.0,5.0,AT Rayudu,Sheikh Zayed Stadium,,,
758,IPL-2021,Unknown,20-09-2020,Delhi Capitals,Punjab Kings,Punjab Kings,field,tie,1,Unknown,0.0,0.0,MP Stoinis,Dubai International Cricket Stadium,,,
759,IPL-2021,Unknown,21-09-2020,Royal Challengers Bangalore,Sunrisers Hyderabad,Sunrisers Hyderabad,field,normal,1,Royal Challengers Bangalore,10.0,0.0,YS Chahal,Dubai International Cricket Stadium,,,
760,IPL-2021,Unknown,22-09-2020,Rajasthan Royals,Chennai Super Kings,Chennai Super Kings,field,normal,1,Rajasthan Royals,16.0,0.0,SV Samson,Sharjah Cricket Stadium,,,
761,IPL-2021,Abu Dhabi,23-09-2020,Mumbai Indians,Kolkata Knight Riders,Kolkata Knight Riders,field,normal,1,Mumbai Indians,49.0,0.0,RG Sharma,Sheikh Zayed Stadium,,,
762,IPL-2021,Unknown,24-09-2020,Punjab Kings,Royal Challengers Bangalore,Royal Challengers Bangalore,field,normal,1,Punjab Kings,97.0,0.0,KL Rahul,Dubai International Cricket Stadium,,,
763,IPL-2021,Unknown,25-09-2020,Delhi Capitals,Chennai Super Kings,Chennai Super Kings,field,normal,1,Delhi Capitals,44.0,0.0,PP Shaw,Dubai International Cricket Stadium,,,
764,IPL-2021,Abu Dhabi,26-09-2020,Sunrisers Hyderabad,Kolkata Knight Riders,Sunrisers Hyderabad,bat,normal,1,Kolkata Knight Riders,0.0,7.0,Shubman Gill,Sheikh Zayed Stadium,,,
765,IPL-2021,Unknown,27-09-2020,Punjab Kings,Rajasthan Royals,Rajasthan Royals,field,normal,1,Rajasthan Royals,0.0,4.0,SV Samson,Sharjah Cricket Stadium,,,
766,IPL-2021,Unknown,28-09-2020,Royal Challengers Bangalore,Mumbai Indians,Mumbai Indians,field,tie,1,Unknown,0.0,0.0,AB de Villiers,Dubai International Cricket Stadium,,,
767,IPL-2021,Abu Dhabi,29-09-2020,Sunrisers Hyderabad,Delhi Capitals,Delhi Capitals,field,normal,1,Sunrisers Hyderabad,15.0,0.0,Rashid Khan,Sheikh Zayed Stadium,,,
768,IPL-2021,Unknown,30-09-2020,Kolkata Knight Riders,Rajasthan Royals,Rajasthan Royals,field,normal,1,Kolkata Knight Riders,37.0,0.0,Shivam Mavi,Dubai International Cricket Stadium,,,
769,IPL-2021,Abu Dhabi,01-10-2020,Mumbai Indians,Punjab Kings,Punjab Kings,field,normal,1,Mumbai Indians,48.0,0.0,KA Pollard,Sheikh Zayed Stadium,,,
770,IPL-2021,Unknown,02-10-2020,Sunrisers Hyderabad,Chennai Super Kings,Sunrisers Hyderabad,bat,normal,1,Sunrisers Hyderabad,7.0,0.0,PK Garg,Dubai International Cricket Stadium,,,
771,IPL-2021,Abu Dhabi,03-10-2020,Rajasthan Royals,Royal Challengers Bangalore,Rajasthan Royals,bat,normal,1,Royal Challengers Bangalore,0.0,8.0,YS Chahal,Sheikh Zayed Stadium,,,
772,IPL-2021,Unknown,03-10-2020,Delhi Capitals,Kolkata Knight Riders,Kolkata Knight Riders,field,normal,1,Delhi Capitals,18.0,0.0,SS Iyer,Sharjah Cricket Stadium,,,
773,IPL-2021,Unknown,04-10-2020,Punjab Kings,Chennai Super Kings,Punjab Kings,bat,normal,1,Chennai Super Kings,0.0,10.0,SR Watson,Dubai International Cricket Stadium,,,
774,IPL-2021,Unknown,04-10-2020,Mumbai Indians,Sunrisers Hyderabad,Mumbai Indians,bat,normal,1,Mumbai Indians,34.0,0.0,TA Boult,Sharjah Cricket Stadium,,,
775,IPL-2021,Unknown,05-10-2020,Delhi Capitals,Royal Challengers Bangalore,Royal Challengers Bangalore,field,normal,1,Delhi Capitals,59.0,0.0,AR Patel,Dubai International Cricket Stadium,,,
776,IPL-2021,Abu Dhabi,06-10-2020,Mumbai Indians,Rajasthan Royals,Mumbai Indians,bat,normal,1,Mumbai Indians,57.0,0.0,SA Yadav,Sheikh Zayed Stadium,,,
777,IPL-2021,Abu Dhabi,07-10-2020,Kolkata Knight Riders,Chennai Super Kings,Kolkata Knight Riders,bat,normal,1,Kolkata Knight Riders,10.0,0.0,RA Tripathi,Sheikh Zayed Stadium,,,
778,IPL-2021,Unknown,08-10-2020,Sunrisers Hyderabad,Punjab Kings,Sunrisers Hyderabad,bat,normal,1,Sunrisers Hyderabad,69.0,0.0,JM Bairstow,Dubai International Cricket Stadium,,,
779,IPL-2021,Unknown,09-10-2020,Delhi Capitals,Rajasthan Royals,Rajasthan Royals,field,normal,1,Delhi Capitals,46.0,0.0,R Ashwin,Sharjah Cricket Stadium,,,
780,IPL-2021,Abu Dhabi,10-10-2020,Kolkata Knight Riders,Punjab Kings,Kolkata Knight Riders,bat,normal,1,Kolkata Knight Riders,2.0,0.0,KD Karthik,Sheikh Zayed Stadium,,,
781,IPL-2021,Unknown,10-10-2020,Royal Challengers Bangalore,Chennai Super Kings,Royal Challengers Bangalore,bat,normal,1,Royal Challengers Bangalore,37.0,0.0,V Kohli,Dubai International Cricket Stadium,,,
782,IPL-2021,Unknown,11-10-2020,Sunrisers Hyderabad,Rajasthan Royals,Sunrisers Hyderabad,bat,normal,1,Rajasthan Royals,0.0,5.0,R Tewatia,Dubai International Cricket Stadium,,,
783,IPL-2021,Abu Dhabi,11-10-2020,Delhi Capitals,Mumbai Indians,Delhi Capitals,bat,normal,1,Mumbai Indians,0.0,5.0,Q de Kock,Sheikh Zayed Stadium,,,
784,IPL-2021,Unknown,12-10-2020,Royal Challengers Bangalore,Kolkata Knight Riders,Royal Challengers Bangalore,bat,normal,1,Royal Challengers Bangalore,82.0,0.0,AB de Villiers,Sharjah Cricket Stadium,,,
785,IPL-2021,Unknown,13-10-2020,Chennai Super Kings,Sunrisers Hyderabad,Chennai Super Kings,bat,normal,1,Chennai Super Kings,20.0,0.0,RA Jadeja,Dubai International Cricket Stadium,,,
786,IPL-2021,Unknown,14-10-2020,Delhi Capitals,Rajasthan Royals,Delhi Capitals,bat,normal,1,Delhi Capitals,13.0,0.0,A Nortje,Dubai International Cricket Stadium,,,
787,IPL-2021,Unknown,15-10-2020,Royal Challengers Bangalore,Punjab Kings,Royal Challengers Bangalore,bat,normal,1,Punjab Kings,0.0,8.0,KL Rahul,Sharjah Cricket Stadium,,,
788,IPL-2021,Abu Dhabi,16-10-2020,Kolkata Knight Riders,Mumbai Indians,Kolkata Knight Riders,bat,normal,1,Mumbai Indians,0.0,8.0,Q de Kock,Sheikh Zayed Stadium,,,
789,IPL-2021,Unknown,17-10-2020,Chennai Super Kings,Delhi Capitals,Chennai Super Kings,bat,normal,1,Delhi Capitals,0.0,5.0,S Dhawan,Sharjah Cricket Stadium,,,
790,IPL-2021,Unknown,17-10-2020,Rajasthan Royals,Royal Challengers Bangalore,Rajasthan Royals,bat,normal,1,Royal Challengers Bangalore,0.0,7.0,AB de Villiers,Dubai International Cricket Stadium,,,
791,IPL-2021,Abu Dhabi,18-10-2020,Kolkata Knight Riders,Sunrisers Hyderabad,Sunrisers Hyderabad,field,tie,1,Unknown,0.0,0.0,LH Ferguson,Sheikh Zayed Stadium,,,
792,IPL-2021,Unknown,18-10-2020,Mumbai Indians,Punjab Kings,Mumbai Indians,bat,tie,1,Unknown,0.0,0.0,KL Rahul,Dubai International Cricket Stadium,,,
793,IPL-2021,Abu Dhabi,19-10-2020,Chennai Super Kings,Rajasthan Royals,Chennai Super Kings,bat,normal,1,Rajasthan Royals,0.0,7.0,JC Buttler,Sheikh Zayed Stadium,,,
794,IPL-2021,Unknown,20-10-2020,Delhi Capitals,Punjab Kings,Delhi Capitals,bat,normal,1,Punjab Kings,0.0,5.0,S Dhawan,Dubai International Cricket Stadium,,,
795,IPL-2021,Abu Dhabi,21-10-2020,Kolkata Knight Riders,Royal Challengers Bangalore,Kolkata Knight Riders,bat,normal,1,Royal Challengers Bangalore,0.0,8.0,Mohammed Siraj,Sheikh Zayed Stadium,,,
796,IPL-2021,Unknown,22-10-2020,Rajasthan Royals,Sunrisers Hyderabad,Sunrisers Hyderabad,field,normal,1,Sunrisers Hyderabad,0.0,8.0,MK Pandey,Dubai International Cricket Stadium,,,
797,IPL-2021,Unknown,23-10-2020,Chennai Super Kings,Mumbai Indians,Mumbai Indians,field,normal,1,Mumbai Indians,0.0,10.0,TA Boult,Sharjah Cricket Stadium,,,
798,IPL-2021,Abu Dhabi,24-10-2020,Kolkata Knight Riders,Delhi Capitals,Delhi Capitals,field,normal,1,Kolkata Knight Riders,59.0,0.0,CV Varun,Sheikh Zayed Stadium,,,
799,IPL-2021,Unknown,24-10-2020,Punjab Kings,Sunrisers Hyderabad,Sunrisers Hyderabad,field,normal,1,Punjab Kings,12.0,0.0,CJ Jordan,Dubai International Cricket Stadium,,,
800,IPL-2021,Abu Dhabi,25-10-2020,Mumbai Indians,Rajasthan Royals,Mumbai Indians,bat,normal,1,Rajasthan Royals,0.0,8.0,BA Stokes,Sheikh Zayed Stadium,,,
801,IPL-2021,Unknown,25-10-2020,Royal Challengers Bangalore,Chennai Super Kings,Royal Challengers Bangalore,bat,normal,1,Chennai Super Kings,0.0,8.0,RD Gaikwad,Dubai International Cricket Stadium,,,
802,IPL-2021,Unknown,26-10-2020,Kolkata Knight Riders,Punjab Kings,Punjab Kings,field,normal,1,Punjab Kings,0.0,8.0,CH Gayle,Sharjah Cricket Stadium,,,
803,IPL-2021,Unknown,27-10-2020,Sunrisers Hyderabad,Delhi Capitals,Delhi Capitals,field,normal,1,Sunrisers Hyderabad,88.0,0.0,WP Saha,Dubai International Cricket Stadium,,,
804,IPL-2021,Abu Dhabi,28-10-2020,Royal Challengers Bangalore,Mumbai Indians,Mumbai Indians,field,normal,1,Mumbai Indians,0.0,5.0,SA Yadav,Sheikh Zayed Stadium,,,
805,IPL-2021,Unknown,29-10-2020,Kolkata Knight Riders,Chennai Super Kings,Chennai Super Kings,field,normal,1,Chennai Super Kings,0.0,6.0,RD Gaikwad,Dubai International Cricket Stadium,,,
806,IPL-2021,Abu Dhabi,30-10-2020,Punjab Kings,Rajasthan Royals,Rajasthan Royals,field,normal,1,Rajasthan Royals,0.0,7.0,BA Stokes,Sheikh Zayed Stadium,,,
807,IPL-2021,Unknown,31-10-2020,Royal Challengers Bangalore,Sunrisers Hyderabad,Sunrisers Hyderabad,field,normal,1,Sunrisers Hyderabad,0.0,5.0,Sandeep Sharma,Sharjah Cricket Stadium,,,
808,IPL-2021,Unknown,31-10-2020,Delhi Capitals,Mumbai Indians,Mumbai Indians,field,normal,1,Mumbai Indians,0.0,9.0,Ishan Kishan,Dubai International Cricket Stadium,,,
809,IPL-2021,Abu Dhabi,01-11-2020,Punjab Kings,Chennai Super Kings,Chennai Super Kings,field,normal,1,Chennai Super Kings,0.0,9.0,RD Gaikwad,Sheikh Zayed Stadium,,,
810,IPL-2021,Unknown,01-11-2020,Kolkata Knight Riders,Rajasthan Royals,Rajasthan Royals,field,normal,1,Kolkata Knight Riders,60.0,0.0,PJ Cummins,Dubai International Cricket Stadium,,,
811,IPL-2021,Abu Dhabi,02-11-2020,Royal Challengers Bangalore,Delhi Capitals,Delhi Capitals,field,normal,1,Delhi Capitals,0.0,6.0,A Nortje,Sheikh Zayed Stadium,,,
812,IPL-2021,Unknown,03-11-2020,Mumbai Indians,Sunrisers Hyderabad,Sunrisers Hyderabad,field,normal,1,Sunrisers Hyderabad,0.0,10.0,S Nadeem,Sharjah Cricket Stadium,,,
813,IPL-2021,Unknown,05-11-2020,Mumbai Indians,Delhi Capitals,Delhi Capitals,field,normal,1,Mumbai Indians,57.0,0.0,JJ Bumrah,Dubai International Cricket Stadium,,,
814,IPL-2021,Abu Dhabi,06-11-2020,Royal Challengers Bangalore,Sunrisers Hyderabad,Sunrisers Hyderabad,field,normal,1,Sunrisers Hyderabad,0.0,6.0,KS Williamson,Sheikh Zayed Stadium,,,
815,IPL-2021,Abu Dhabi,08-11-2020,Delhi Capitals,Sunrisers Hyderabad,Delhi Capitals,bat,normal,1,Delhi Capitals,17.0,0.0,MP Stoinis,Sheikh Zayed Stadium,,,
816,IPL-2021,Unknown,10-11-2020,Delhi Capitals,Mumbai Indians,Delhi Capitals,bat,normal,1,Mumbai Indians,0.0,5.0,TA Boult,Dubai International Cricket Stadium,,,
817,IPL-2021,Chennai,09-04-2021,Mumbai Indians,Royal Challengers Bangalore,Royal Challengers Bangalore,field,normal,1,Royal Challengers Bangalore,0.0,2.0,HV Patel,"MA Chidambaram Stadium, Chepauk, Chennai",,,
818,IPL-2021,Mumbai,10-04-2021,Chennai Super Kings,Delhi Capitals,Delhi Capitals,field,normal,1,Delhi Capitals,0.0,7.0,S Dhawan,"Wankhede Stadium, Mumbai",,,
819,IPL-2021,Chennai,11-04-2021,Kolkata Knight Riders,Sunrisers Hyderabad,Sunrisers Hyderabad,field,normal,1,Kolkata Knight Riders,10.0,0.0,N Rana,"MA Chidambaram Stadium, Chepauk, Chennai",,,
820,IPL-2021,Mumbai,12-04-2021,Punjab Kings,Rajasthan Royals,Rajasthan Royals,field,normal,1,Punjab Kings,4.0,0.0,SV Samson,"Wankhede Stadium, Mumbai",,,
821,IPL-2021,Chennai,13-04-2021,Mumbai Indians,Kolkata Knight Riders,Kolkata Knight Riders,field,normal,1,Mumbai Indians,10.0,0.0,RD Chahar,"MA Chidambaram Stadium, Chepauk, Chennai",,,
822,IPL-2021,Chennai,14-04-2021,Royal Challengers Bangalore,Sunrisers Hyderabad,Sunrisers Hyderabad,field,normal,1,Royal Challengers Bangalore,6.0,0.0,GJ Maxwell,"MA Chidambaram Stadium, Chepauk, Chennai",,,
823,IPL-2021,Mumbai,15-04-2021,Delhi Capitals,Rajasthan Royals,Rajasthan Royals,field,normal,1,Rajasthan Royals,0.0,3.0,JD Unadkat,"Wankhede Stadium, Mumbai",,,
824,IPL-2021,Mumbai,16-04-2021,Punjab Kings,Chennai Super Kings,Chennai Super Kings,field,normal,1,Chennai Super Kings,0.0,6.0,DL Chahar,"Wankhede Stadium, Mumbai",,,
825,IPL-2021,Chennai,17-04-2021,Mumbai Indians,Sunrisers Hyderabad,Mumbai Indians,bat,normal,1,Mumbai Indians,13.0,0.0,KA Pollard,"MA Chidambaram Stadium, Chepauk, Chennai",,,
826,IPL-2021,Chennai,18-04-2021,Royal Challengers Bangalore,Kolkata Knight Riders,Royal Challengers Bangalore,bat,normal,1,Royal Challengers Bangalore,38.0,0.0,AB de Villiers,"MA Chidambaram Stadium, Chepauk, Chennai",,,
827,IPL-2021,Mumbai,18-04-2021,Punjab Kings,Delhi Capitals,Delhi Capitals,field,normal,1,Delhi Capitals,0.0,6.0,S Dhawan,"Wankhede Stadium, Mumbai",,,
828,IPL-2021,Mumbai,19-04-2021,Chennai Super Kings,Rajasthan Royals,Rajasthan Royals,field,normal,1,Chennai Super Kings,45.0,0.0,MM Ali,"Wankhede Stadium, Mumbai",,,
829,IPL-2021,Chennai,20-04-2021,Mumbai Indians,Delhi Capitals,Mumbai Indians,bat,normal,1,Delhi Capitals,0.0,6.0,A Mishra,"MA Chidambaram Stadium, Chepauk, Chennai",,,
830,IPL-2021,Chennai,21-04-2021,Punjab Kings,Sunrisers Hyderabad,Punjab Kings,bat,normal,1,Sunrisers Hyderabad,0.0,9.0,JM Bairstow,"MA Chidambaram Stadium, Chepauk, Chennai",,,
831,IPL-2021,Mumbai,21-04-2021,Chennai Super Kings,Kolkata Knight Riders,Kolkata Knight Riders,field,normal,1,Chennai Super Kings,18.0,0.0,F du Plessis,"Wankhede Stadium, Mumbai",,,
832,IPL-2021,Mumbai,22-04-2021,Rajasthan Royals,Royal Challengers Bangalore,Royal Challengers Bangalore,field,normal,1,Royal Challengers Bangalore,0.0,10.0,D Padikkal,"Wankhede Stadium, Mumbai",,,
833,IPL-2021,Chennai,23-04-2021,Mumbai Indians,Punjab Kings,Punjab Kings,field,normal,1,Punjab Kings,0.0,9.0,KL Rahul,"MA Chidambaram Stadium, Chepauk, Chennai",,,
834,IPL-2021,Mumbai,24-04-2021,Kolkata Knight Riders,Rajasthan Royals,Rajasthan Royals,field,normal,1,Rajasthan Royals,0.0,6.0,CH Morris,"Wankhede Stadium, Mumbai",,,
835,IPL-2021,Mumbai,25-04-2021,Chennai Super Kings,Royal Challengers Bangalore,Chennai Super Kings,bat,normal,1,Chennai Super Kings,69.0,0.0,RA Jadeja,"Wankhede Stadium, Mumbai",,,
836,IPL-2021,Chennai,25-04-2021,Delhi Capitals,Sunrisers Hyderabad,Delhi Capitals,bat,tie,1,Unknown,0.0,0.0,PP Shaw,"MA Chidambaram Stadium, Chepauk, Chennai",,,
837,IPL-2021,Ahmedabad,26-04-2021,Punjab Kings,Kolkata Knight Riders,Kolkata Knight Riders,field,normal,1,Kolkata Knight Riders,0.0,5.0,EJG Morgan,"Narendra Modi Stadium, Ahmedabad",,,
838,IPL-2021,Ahmedabad,27-04-2021,Royal Challengers Bangalore,Delhi Capitals,Delhi Capitals,field,normal,1,Royal Challengers Bangalore,1.0,0.0,AB de Villiers,"Narendra Modi Stadium, Ahmedabad",,,
839,IPL-2021,Delhi,28-04-2021,Sunrisers Hyderabad,Chennai Super Kings,Sunrisers Hyderabad,bat,normal,1,Chennai Super Kings,0.0,7.0,RD Gaikwad,"Arun Jaitley Stadium, Delhi",,,
840,IPL-2021,Delhi,29-04-2021,Rajasthan Royals,Mumbai Indians,Mumbai Indians,field,normal,1,Mumbai Indians,0.0,7.0,Q de Kock,"Arun Jaitley Stadium, Delhi",,,
841,IPL-2021,Ahmedabad,29-04-2021,Kolkata Knight Riders,Delhi Capitals,Delhi Capitals,field,normal,1,Delhi Capitals,0.0,7.0,PP Shaw,"Narendra Modi Stadium, Ahmedabad",,,
842,IPL-2021,Ahmedabad,30-04-2021,Punjab Kings,Royal Challengers Bangalore,Royal Challengers Bangalore,field,normal,1,Punjab Kings,34.0,0.0,Harpreet Brar,"Narendra Modi Stadium, Ahmedabad",,,
843,IPL-2021,Delhi,01-05-2021,Chennai Super Kings,Mumbai Indians,Mumbai Indians,field,normal,1,Mumbai Indians,0.0,4.0,KA Pollard,"Arun Jaitley Stadium, Delhi",,,
844,IPL-2021,Delhi,02-05-2021,Rajasthan Royals,Sunrisers Hyderabad,Sunrisers Hyderabad,field,normal,1,Rajasthan Royals,55.0,0.0,JC Buttler,"Arun Jaitley Stadium, Delhi",,,
845,IPL-2021,Ahmedabad,02-05-2021,Punjab Kings,Delhi Capitals,Delhi Capitals,field,normal,1,Delhi Capitals,0.0,7.0,MA Agarwal,"Narendra Modi Stadium, Ahmedabad",,,
846,IPL-2021,Dubai,19-09-2021,Chennai Super Kings,Mumbai Indians,Chennai Super Kings,bat,normal,1,Chennai Super Kings,20.0,0.0,RD Gaikwad,Dubai International Cricket Stadium,,,
847,IPL-2021,Abu Dhabi,20-09-2021,Royal Challengers Bangalore,Kolkata Knight Riders,Royal Challengers Bangalore,bat,normal,1,Kolkata Knight Riders,0.0,9.0,CV Varun,"Zayed Cricket Stadium, Abu Dhabi",,,
848,IPL-2021,Dubai,21-09-2021,Rajasthan Royals,Punjab Kings,Punjab Kings,field,normal,1,Rajasthan Royals,2.0,0.0,Kartik Tyagi,Dubai International Cricket Stadium,,,
849,IPL-2021,Dubai,22-09-2021,Sunrisers Hyderabad,Delhi Capitals,Sunrisers Hyderabad,bat,normal,1,Delhi Capitals,0.0,8.0,A Nortje,Dubai International Cricket Stadium,,,
850,IPL-2021,Abu Dhabi,23-09-2021,Mumbai Indians,Kolkata Knight Riders,Kolkata Knight Riders,field,normal,1,Kolkata Knight Riders,0.0,7.0,SP Narine,"Zayed Cricket Stadium, Abu Dhabi",,,
851,IPL-2021,Sharjah,24-09-2021,Royal Challengers Bangalore,Chennai Super Kings,Chennai Super Kings,field,normal,1,Chennai Super Kings,0.0,6.0,DJ Bravo,Sharjah Cricket Stadium,,,
852,IPL-2021,Abu Dhabi,25-09-2021,Delhi Capitals,Rajasthan Royals,Rajasthan Royals,field,normal,1,Delhi Capitals,33.0,0.0,SS Iyer,"Zayed Cricket Stadium, Abu Dhabi",,,
853,IPL-2021,Sharjah,25-09-2021,Punjab Kings,Sunrisers Hyderabad,Sunrisers Hyderabad,field,normal,1,Punjab Kings,5.0,0.0,JO Holder,Sharjah Cricket Stadium,,,
854,IPL-2021,Abu Dhabi,26-09-2021,Kolkata Knight Riders,Chennai Super Kings,Kolkata Knight Riders,bat,normal,1,Chennai Super Kings,0.0,2.0,RA Jadeja,"Zayed Cricket Stadium, Abu Dhabi",,,
855,IPL-2021,Dubai,26-09-2021,Royal Challengers Bangalore,Mumbai Indians,Mumbai Indians,field,normal,1,Royal Challengers Bangalore,54.0,0.0,GJ Maxwell,Dubai International Cricket Stadium,,,
856,IPL-2021,Dubai,27-09-2021,Rajasthan Royals,Sunrisers Hyderabad,Rajasthan Royals,bat,normal,1,Sunrisers Hyderabad,0.0,7.0,JJ Roy,Dubai International Cricket Stadium,,,
857,IPL-2021,Sharjah,28-09-2021,Delhi Capitals,Kolkata Knight Riders,Kolkata Knight Riders,field,normal,1,Kolkata Knight Riders,0.0,3.0,SP Narine,Sharjah Cricket Stadium,,,
858,IPL-2021,Abu Dhabi,28-09-2021,Punjab Kings,Mumbai Indians,Mumbai Indians,field,normal,1,Mumbai Indians,0.0,6.0,KA Pollard,"Zayed Cricket Stadium, Abu Dhabi",,,
859,IPL-2021,Dubai,29-09-2021,Rajasthan Royals,Royal Challengers Bangalore,Royal Challengers Bangalore,field,normal,1,Royal Challengers Bangalore,0.0,7.0,YS Chahal,Dubai International Cricket Stadium,,,
860,IPL-2021,Sharjah,30-09-2021,Sunrisers Hyderabad,Chennai Super Kings,Chennai Super Kings,field,normal,1,Chennai Super Kings,0.0,6.0,JR Hazlewood,Sharjah Cricket Stadium,,,
861,IPL-2021,Dubai,01-10-2021,Kolkata Knight Riders,Punjab Kings,Punjab Kings,field,normal,1,Punjab Kings,0.0,5.0,KL Rahul,Dubai International Cricket Stadium,,,
862,IPL-2021,Abu Dhabi,02-10-2021,Chennai Super Kings,Rajasthan Royals,Rajasthan Royals,field,normal,1,Rajasthan Royals,0.0,7.0,RD Gaikwad,"Zayed Cricket Stadium, Abu Dhabi",,,
863,IPL-2021,Sharjah,02-10-2021,Mumbai Indians,Delhi Capitals,Delhi Capitals,field,normal,1,Delhi Capitals,0.0,4.0,AR Patel,Sharjah Cricket Stadium,,,
864,IPL-2021,Sharjah,03-10-2021,Royal Challengers Bangalore,Punjab Kings,Royal Challengers Bangalore,bat,normal,1,Royal Challengers Bangalore,6.0,0.0,GJ Maxwell,Sharjah Cricket Stadium,,,
865,IPL-2021,Dubai,03-10-2021,Sunrisers Hyderabad,Kolkata Knight Riders,Sunrisers Hyderabad,bat,normal,1,Kolkata Knight Riders,0.0,6.0,Shubman Gill,Dubai International Cricket Stadium,,,
866,IPL-2021,Dubai,04-10-2021,Chennai Super Kings,Delhi Capitals,Delhi Capitals,field,normal,1,Delhi Capitals,0.0,3.0,AR Patel,Dubai International Cricket Stadium,,,
867,IPL-2021,Sharjah,05-10-2021,Rajasthan Royals,Mumbai Indians,Mumbai Indians,field,normal,1,Mumbai Indians,0.0,8.0,NM Coulter-Nile,Sharjah Cricket Stadium,,,
868,IPL-2021,Abu Dhabi,06-10-2021,Sunrisers Hyderabad,Royal Challengers Bangalore,Royal Challengers Bangalore,field,normal,1,Sunrisers Hyderabad,4.0,0.0,KS Williamson,"Zayed Cricket Stadium, Abu Dhabi",,,
869,IPL-2021,Dubai,07-10-2021,Chennai Super Kings,Punjab Kings,Punjab Kings,field,normal,1,Punjab Kings,0.0,6.0,KL Rahul,Dubai International Cricket Stadium,,,
870,IPL-2021,Sharjah,07-10-2021,Kolkata Knight Riders,Rajasthan Royals,Rajasthan Royals,field,normal,1,Kolkata Knight Riders,86.0,0.0,Shivam Mavi,Sharjah Cricket Stadium,,,
871,IPL-2021,Abu Dhabi,08-10-2021,Mumbai Indians,Sunrisers Hyderabad,Mumbai Indians,bat,normal,1,Mumbai Indians,42.0,0.0,Ishan Kishan,"Zayed Cricket Stadium, Abu Dhabi",,,
872,IPL-2021,Dubai,08-10-2021,Delhi Capitals,Royal Challengers Bangalore,Royal Challengers Bangalore,field,normal,1,Royal Challengers Bangalore,0.0,7.0,KS Bharat,Dubai International Cricket Stadium,,,
873,IPL-2021,Dubai,10-10-2021,Delhi Capitals,Chennai Super Kings,Chennai Super Kings,field,normal,1,Chennai Super Kings,0.0,4.0,RD Gaikwad,Dubai International Cricket Stadium,,,
874,IPL-2021,Sharjah,11-10-2021,Royal Challengers Bangalore,Kolkata Knight Riders,Royal Challengers Bangalore,bat,normal,1,Kolkata Knight Riders,0.0,4.0,SP Narine,Sharjah Cricket Stadium,,,
875,IPL-2021,Sharjah,13-10-2021,Delhi Capitals,Kolkata Knight Riders,Kolkata Knight Riders,field,normal,1,Kolkata Knight Riders,0.0,3.0,VR Iyer,Sharjah Cricket Stadium,,,
876,IPL-2021,Dubai,15-10-2021,Chennai Super Kings,Kolkata Knight Riders,Kolkata Knight Riders,field,normal,1,Chennai Super Kings,27.0,0.0,F du Plessis,Dubai International Cricket Stadium,,,
877,IPL-2022,Mumbai,26-03-2022,Chennai Super Kings,Kolkata Knight Riders,Kolkata Knight Riders,field,normal,1,Kolkata Knight Riders,0.0,6.0,UT Yadav,"Wankhede Stadium, Mumbai",,,
878,IPL-2022,Mumbai,27-03-2022,Mumbai Indians,Delhi Capitals,Delhi Capitals,field,normal,1,Delhi Capitals,0.0,4.0,Kuldeep Yadav,"Brabourne Stadium, Mumbai",,,
879,IPL-2022,Mumbai,27-03-2022,Royal Challengers Bangalore,Punjab Kings,Punjab Kings,field,normal,1,Punjab Kings,0.0,5.0,OF Smith,"Dr DY Patil Sports Academy, Mumbai",,,
880,IPL-2022,Mumbai,28-03-2022,Lucknow Super Giants,Gujarat Titans,Gujarat Titans,field,normal,1,Gujarat Titans,0.0,5.0,Mohammed Shami,"Wankhede Stadium, Mumbai",,,
881,IPL-2022,Pune,29-03-2022,Rajasthan Royals,Sunrisers Hyderabad,Sunrisers Hyderabad,field,normal,1,Rajasthan Royals,61.0,0.0,SV Samson,"Maharashtra Cricket Association Stadium, Pune",,,
882,IPL-2022,Mumbai,30-03-2022,Kolkata Knight Riders,Royal Challengers Bangalore,Royal Challengers Bangalore,field,normal,1,Royal Challengers Bangalore,0.0,3.0,PWH de Silva,"Dr DY Patil Sports Academy, Mumbai",,,
883,IPL-2022,Mumbai,31-03-2022,Chennai Super Kings,Lucknow Super Giants,Lucknow Super Giants,field,normal,1,Lucknow Super Giants,0.0,6.0,E Lewis,"Brabourne Stadium, Mumbai",,,
884,IPL-2022,Mumbai,01-04-2022,Punjab Kings,Kolkata Knight Riders,Kolkata Knight Riders,field,normal,1,Kolkata Knight Riders,0.0,6.0,UT Yadav,"Wankhede Stadium, Mumbai",,,
885,IPL-2022,Mumbai,02-04-2022,Rajasthan Royals,Mumbai Indians,Mumbai Indians,field,normal,1,Rajasthan Royals,23.0,0.0,JC Buttler,"Dr DY Patil Sports Academy, Mumbai",,,
886,IPL-2022,Pune,02-04-2022,Gujarat Titans,Delhi Capitals,Delhi Capitals,field,normal,1,Gujarat Titans,14.0,0.0,LH Ferguson,"Maharashtra Cricket Association Stadium, Pune",,,
887,IPL-2022,Mumbai,03-04-2022,Punjab Kings,Chennai Super Kings,Chennai Super Kings,field,normal,1,Punjab Kings,54.0,0.0,LS Livingstone,"Brabourne Stadium, Mumbai",,,
888,IPL-2022,Mumbai,04-04-2022,Lucknow Super Giants,Sunrisers Hyderabad,Sunrisers Hyderabad,field,normal,1,Lucknow Super Giants,12.0,0.0,Avesh Khan,"Dr DY Patil Sports Academy, Mumbai",,,
889,IPL-2022,Mumbai,05-04-2022,Rajasthan Royals,Royal Challengers Bangalore,Royal Challengers Bangalore,field,normal,1,Royal Challengers Bangalore,0.0,4.0,KD Karthik,"Wankhede Stadium, Mumbai",,,
890,IPL-2022,Pune,06-04-2022,Mumbai Indians,Kolkata Knight Riders,Kolkata Knight Riders,field,normal,1,Kolkata Knight Riders,0.0,5.0,PJ Cummins,"Maharashtra Cricket Association Stadium, Pune",,,
891,IPL-2022,Mumbai,07-04-2022,Delhi Capitals,Lucknow Super Giants,Lucknow Super Giants,field,normal,1,Lucknow Super Giants,0.0,6.0,Q de Kock,"Dr DY Patil Sports Academy, Mumbai",,,
892,IPL-2022,Mumbai,08-04-2022,Punjab Kings,Gujarat Titans,Gujarat Titans,field,normal,1,Gujarat Titans,0.0,6.0,Shubman Gill,"Brabourne Stadium, Mumbai",,,
893,IPL-2022,Mumbai,09-04-2022,Chennai Super Kings,Sunrisers Hyderabad,Sunrisers Hyderabad,field,normal,1,Sunrisers Hyderabad,0.0,8.0,Abhishek Sharma,"Dr DY Patil Sports Academy, Mumbai",,,
894,IPL-2022,Pune,09-04-2022,Mumbai Indians,Royal Challengers Bangalore,Royal Challengers Bangalore,field,normal,1,Royal Challengers Bangalore,0.0,7.0,Anuj Rawat,"Maharashtra Cricket Association Stadium, Pune",,,
895,IPL-2022,Mumbai,10-04-2022,Delhi Capitals,Kolkata Knight Riders,Kolkata Knight Riders,field,normal,1,Delhi Capitals,44.0,0.0,Kuldeep Yadav,"Brabourne Stadium, Mumbai",,,
896,IPL-2022,Mumbai,10-04-2022,Rajasthan Royals,Lucknow Super Giants,Lucknow Super Giants,field,normal,1,Rajasthan Royals,3.0,0.0,YS Chahal,"Wankhede Stadium, Mumbai",,,
897,IPL-2022,Mumbai,11-04-2022,Gujarat Titans,Sunrisers Hyderabad,Sunrisers Hyderabad,field,normal,1,Sunrisers Hyderabad,0.0,8.0,KS Williamson,"Dr DY Patil Sports Academy, Mumbai",,,
898,IPL-2022,Mumbai,12-04-2022,Chennai Super Kings,Royal Challengers Bangalore,Royal Challengers Bangalore,field,normal,1,Chennai Super Kings,23.0,0.0,S Dube,"Dr DY Patil Sports Academy, Mumbai",,,
899,IPL-2022,Pune,13-04-2022,Punjab Kings,Mumbai Indians,Mumbai Indians,field,normal,1,Punjab Kings,12.0,0.0,MA Agarwal,"Maharashtra Cricket Association Stadium, Pune",,,
900,IPL-2022,Mumbai,14-04-2022,Gujarat Titans,Rajasthan Royals,Rajasthan Royals,field,normal,1,Gujarat Titans,37.0,0.0,HH Pandya,"Dr DY Patil Sports Academy, Mumbai",,,
901,IPL-2022,Mumbai,15-04-2022,Kolkata Knight Riders,Sunrisers Hyderabad,Sunrisers Hyderabad,field,normal,1,Sunrisers Hyderabad,0.0,7.0,RA Tripathi,"Brabourne Stadium, Mumbai",,,
902,IPL-2022,Mumbai,16-04-2022,Lucknow Super Giants,Mumbai Indians,Mumbai Indians,field,normal,1,Lucknow Super Giants,18.0,0.0,KL Rahul,"Brabourne Stadium, Mumbai",,,
903,IPL-2022,Mumbai,16-04-2022,Royal Challengers Bangalore,Delhi Capitals,Delhi Capitals,field,normal,1,Royal Challengers Bangalore,16.0,0.0,KD Karthik,"Wankhede Stadium, Mumbai",,,
904,IPL-2022,Mumbai,17-04-2022,Punjab Kings,Sunrisers Hyderabad,Sunrisers Hyderabad,field,normal,1,Sunrisers Hyderabad,0.0,7.0,Umran Malik,"Dr DY Patil Sports Academy, Mumbai",,,
905,IPL-2022,Pune,17-04-2022,Chennai Super Kings,Gujarat Titans,Gujarat Titans,field,normal,1,Gujarat Titans,0.0,3.0,DA Miller,"Maharashtra Cricket Association Stadium, Pune",,,
906,IPL-2022,Mumbai,18-04-2022,Rajasthan Royals,Kolkata Knight Riders,Kolkata Knight Riders,field,normal,1,Rajasthan Royals,7.0,0.0,YS Chahal,"Brabourne Stadium, Mumbai",,,
907,IPL-2022,Mumbai,19-04-2022,Royal Challengers Bangalore,Lucknow Super Giants,Lucknow Super Giants,field,normal,1,Royal Challengers Bangalore,18.0,0.0,F du Plessis,"Dr DY Patil Sports Academy, Mumbai",,,
908,IPL-2022,Mumbai,20-04-2022,Punjab Kings,Delhi Capitals,Delhi Capitals,field,normal,1,Delhi Capitals,0.0,9.0,Kuldeep Yadav,"Brabourne Stadium, Mumbai",,,
909,IPL-2022,Navi Mumbai,21-04-2022,Mumbai Indians,Chennai Super Kings,Chennai Super Kings,field,normal,1,Chennai Super Kings,0.0,3.0,Mukesh Choudhary,"Dr DY Patil Sports Academy, Mumbai",,,
910,IPL-2022,Mumbai,22-04-2022,Rajasthan Royals,Delhi Capitals,Delhi Capitals,field,normal,1,Rajasthan Royals,15.0,0.0,JC Buttler,"Wankhede Stadium, Mumbai",,,
911,IPL-2022,Navi Mumbai,23-04-2022,Gujarat Titans,Kolkata Knight Riders,Gujarat Titans,bat,normal,1,Gujarat Titans,8.0,0.0,Rashid Khan,"Dr DY Patil Sports Academy, Mumbai",,,
912,IPL-2022,Mumbai,23-04-2022,Royal Challengers Bangalore,Sunrisers Hyderabad,Sunrisers Hyderabad,field,normal,1,Sunrisers Hyderabad,0.0,9.0,M Jansen,"Brabourne Stadium, Mumbai",,,
913,IPL-2022,Mumbai,24-04-2022,Lucknow Super Giants,Mumbai Indians,Mumbai Indians,field,normal,1,Lucknow Super Giants,36.0,0.0,KL Rahul,"Wankhede Stadium, Mumbai",,,
914,IPL-2022,Mumbai,25-04-2022,Punjab Kings,Chennai Super Kings,Chennai Super Kings,field,normal,1,Punjab Kings,11.0,0.0,S Dhawan,"Wankhede Stadium, Mumbai",,,
915,IPL-2022,Pune,26-04-2022,Rajasthan Royals,Royal Challengers Bangalore,Royal Challengers Bangalore,field,normal,1,Rajasthan Royals,29.0,0.0,R Parag,"Maharashtra Cricket Association Stadium, Pune",,,
916,IPL-2022,Mumbai,27-04-2022,Sunrisers Hyderabad,Gujarat Titans,Gujarat Titans,field,normal,1,Gujarat Titans,0.0,5.0,Umran Malik,"Wankhede Stadium, Mumbai",,,
917,IPL-2022,Mumbai,28-04-2022,Kolkata Knight Riders,Delhi Capitals,Delhi Capitals,field,normal,1,Delhi Capitals,0.0,4.0,Kuldeep Yadav,"Wankhede Stadium, Mumbai",,,
918,IPL-2022,Pune,29-04-2022,Lucknow Super Giants,Punjab Kings,Punjab Kings,field,normal,1,Lucknow Super Giants,20.0,0.0,KH Pandya,"Maharashtra Cricket Association Stadium, Pune",,,
919,IPL-2022,Mumbai,30-04-2022,Royal Challengers Bangalore,Gujarat Titans,Royal Challengers Bangalore,bat,normal,1,Gujarat Titans,0.0,6.0,R Tewatia,"Brabourne Stadium, Mumbai",,,
920,IPL-2022,Navi Mumbai,30-04-2022,Rajasthan Royals,Mumbai Indians,Mumbai Indians,field,normal,1,Mumbai Indians,0.0,5.0,SA Yadav,"Dr DY Patil Sports Academy, Mumbai",,,
921,IPL-2022,Mumbai,01-05-2022,Lucknow Super Giants,Delhi Capitals,Lucknow Super Giants,bat,normal,1,Lucknow Super Giants,6.0,0.0,Mohsin Khan,"Wankhede Stadium, Mumbai",,,
922,IPL-2022,Pune,01-05-2022,Chennai Super Kings,Sunrisers Hyderabad,Sunrisers Hyderabad,field,normal,1,Chennai Super Kings,13.0,0.0,RD Gaikwad,"Maharashtra Cricket Association Stadium, Pune",,,
923,IPL-2022,Mumbai,02-05-2022,Rajasthan Royals,Kolkata Knight Riders,Kolkata Knight Riders,field,normal,1,Kolkata Knight Riders,0.0,7.0,RK Singh,"Wankhede Stadium, Mumbai",,,
924,IPL-2022,Navi Mumbai,03-05-2022,Gujarat Titans,Punjab Kings,Gujarat Titans,bat,normal,1,Punjab Kings,0.0,8.0,K Rabada,"Dr DY Patil Sports Academy, Mumbai",,,
925,IPL-2022,Pune,04-05-2022,Royal Challengers Bangalore,Chennai Super Kings,Chennai Super Kings,field,normal,1,Royal Challengers Bangalore,13.0,0.0,HV Patel,"Maharashtra Cricket Association Stadium, Pune",,,
926,IPL-2022,Mumbai,05-05-2022,Delhi Capitals,Sunrisers Hyderabad,Sunrisers Hyderabad,field,normal,1,Delhi Capitals,21.0,0.0,DA Warner,"Brabourne Stadium, Mumbai",,,
927,IPL-2022,Mumbai,06-05-2022,Mumbai Indians,Gujarat Titans,Gujarat Titans,field,normal,1,Mumbai Indians,5.0,0.0,TH David,"Brabourne Stadium, Mumbai",,,
928,IPL-2022,Mumbai,07-05-2022,Punjab Kings,Rajasthan Royals,Punjab Kings,bat,normal,1,Rajasthan Royals,0.0,6.0,YBK Jaiswal,"Wankhede Stadium, Mumbai",,,
929,IPL-2022,Pune,07-05-2022,Lucknow Super Giants,Kolkata Knight Riders,Kolkata Knight Riders,field,normal,1,Lucknow Super Giants,75.0,0.0,Avesh Khan,"Maharashtra Cricket Association Stadium, Pune",,,
930,IPL-2022,Mumbai,08-05-2022,Royal Challengers Bangalore,Sunrisers Hyderabad,Royal Challengers Bangalore,bat,normal,1,Royal Challengers Bangalore,67.0,0.0,PWH de Silva,"Wankhede Stadium, Mumbai",,,
931,IPL-2022,Navi Mumbai,08-05-2022,Chennai Super Kings,Delhi Capitals,Delhi Capitals,field,normal,1,Chennai Super Kings,91.0,0.0,DP Conway,"Dr DY Patil Sports Academy, Mumbai",,,
932,IPL-2022,Navi Mumbai,09-05-2022,Kolkata Knight Riders,Mumbai Indians,Mumbai Indians,field,normal,1,Kolkata Knight Riders,52.0,0.0,JJ Bumrah,"Dr DY Patil Sports Academy, Mumbai",,,
933,IPL-2022,Pune,10-05-2022,Gujarat Titans,Lucknow Super Giants,Gujarat Titans,bat,normal,1,Gujarat Titans,62.0,0.0,Shubman Gill,"Maharashtra Cricket Association Stadium, Pune",,,
934,IPL-2022,Navi Mumbai,11-05-2022,Rajasthan Royals,Delhi Capitals,Delhi Capitals,field,normal,1,Delhi Capitals,0.0,8.0,MR Marsh,"Dr DY Patil Sports Academy, Mumbai",,,
935,IPL-2022,Mumbai,12-05-2022,Chennai Super Kings,Mumbai Indians,Mumbai Indians,field,normal,1,Mumbai Indians,0.0,5.0,DR Sams,"Wankhede Stadium, Mumbai",,,
936,IPL-2022,Mumbai,13-05-2022,Punjab Kings,Royal Challengers Bangalore,Royal Challengers Bangalore,field,normal,1,Punjab Kings,54.0,0.0,JM Bairstow,"Brabourne Stadium, Mumbai",,,
937,IPL-2022,Pune,14-05-2022,Kolkata Knight Riders,Sunrisers Hyderabad,Kolkata Knight Riders,bat,normal,1,Kolkata Knight Riders,54.0,0.0,AD Russell,"Maharashtra Cricket Association Stadium, Pune",,,
938,IPL-2022,Mumbai,15-05-2022,Chennai Super Kings,Gujarat Titans,Chennai Super Kings,bat,normal,1,Gujarat Titans,0.0,7.0,WP Saha,"Wankhede Stadium, Mumbai",,,
939,IPL-2022,Mumbai,15-05-2022,Rajasthan Royals,Lucknow Super Giants,Rajasthan Royals,bat,normal,1,Rajasthan Royals,24.0,0.0,TA Boult,"Brabourne Stadium, Mumbai",,,
940,IPL-2022,Navi Mumbai,16-05-2022,Delhi Capitals,Punjab Kings,Punjab Kings,field,normal,1,Delhi Capitals,17.0,0.0,SN Thakur,"Dr DY Patil Sports Academy, Mumbai",,,
941,IPL-2022,Mumbai,17-05-2022,Sunrisers Hyderabad,Mumbai Indians,Mumbai Indians,field,normal,1,Sunrisers Hyderabad,3.0,0.0,RA Tripathi,"Wankhede Stadium, Mumbai",,,
942,IPL-2022,Navi Mumbai,18-05-2022,Lucknow Super Giants,Kolkata Knight Riders,Lucknow Super Giants,bat,normal,1,Lucknow Super Giants,2.0,0.0,Q de Kock,"Dr DY Patil Sports Academy, Mumbai",,,
943,IPL-2022,Mumbai,19-05-2022,Gujarat Titans,Royal Challengers Bangalore,Gujarat Titans,bat,normal,1,Royal Challengers Bangalore,0.0,8.0,V Kohli,"Wankhede Stadium, Mumbai",,,
944,IPL-2022,Mumbai,20-05-2022,Chennai Super Kings,Rajasthan Royals,Chennai Super Kings,bat,normal,1,Rajasthan Royals,0.0,5.0,R Ashwin,"Brabourne Stadium, Mumbai",,,
945,IPL-2022,Mumbai,21-05-2022,Delhi Capitals,Mumbai Indians,Mumbai Indians,field,normal,1,Mumbai Indians,0.0,5.0,JJ Bumrah,"Wankhede Stadium, Mumbai",,,
946,IPL-2022,Mumbai,22-05-2022,Sunrisers Hyderabad,Punjab Kings,Sunrisers Hyderabad,bat,normal,1,Punjab Kings,0.0,5.0,Harpreet Brar,"Wankhede Stadium, Mumbai",,,
947,IPL-2022,Kolkata,24-05-2022,Rajasthan Royals,Gujarat Titans,Gujarat Titans,field,normal,1,Gujarat Titans,0.0,7.0,DA Miller,"Eden Gardens, Kolkata",,,
948,IPL-2022,Kolkata,25-05-2022,Royal Challengers Bangalore,Lucknow Super Giants,Lucknow Super Giants,field,normal,1,Royal Challengers Bangalore,14.0,0.0,RM Patidar,"Eden Gardens, Kolkata",,,
949,IPL-2022,Ahmedabad,27-05-2022,Royal Challengers Bangalore,Rajasthan Royals,Rajasthan Royals,field,normal,1,Rajasthan Royals,0.0,7.0,JC Buttler,"Narendra Modi Stadium, Ahmedabad",,,
950,IPL-2022,Ahmedabad,29-05-2022,Rajasthan Royals,Gujarat Titans,Rajasthan Royals,bat,normal,1,Gujarat Titans,0.0,7.0,HH Pandya,"Narendra Modi Stadium, Ahmedabad",,,
951,IPL-2023,Ahmedabad,31-03-2023,Chennai Super Kings,Gujarat Titans,Gujarat Titans,field,normal,1,Gujarat Titans,0.0,5.0,Rashid Khan,"Narendra Modi Stadium, Ahmedabad",,,
952,IPL-2023,Chandigarh,01-04-2023,Punjab Kings,Kolkata Knight Riders,Kolkata Knight Riders,field,normal,1,Punjab Kings,7.0,0.0,Arshdeep Singh,"Punjab Cricket Association IS Bindra Stadium, Mohali, Chandigarh",,,
953,IPL-2023,Lucknow,01-04-2023,Lucknow Super Giants,Delhi Capitals,Delhi Capitals,field,normal,1,Lucknow Super Giants,50.0,0.0,MA Wood,"Bharat Ratna Shri Atal Bihari Vajpayee Ekana Cricket Stadium, Lucknow",,,
954,IPL-2023,Hyderabad,02-04-2023,Rajasthan Royals,Sunrisers Hyderabad,Sunrisers Hyderabad,field,normal,1,Rajasthan Royals,72.0,0.0,JC Buttler,"Rajiv Gandhi International Stadium, Uppal, Hyderabad",,,
955,IPL-2023,Bengaluru,02-04-2023,Mumbai Indians,Royal Challengers Bangalore,Royal Challengers Bangalore,field,normal,1,Royal Challengers Bangalore,0.0,8.0,F du Plessis,"M Chinnaswamy Stadium, Bengaluru",,,
956,IPL-2023,Chennai,03-04-2023,Chennai Super Kings,Lucknow Super Giants,Lucknow Super Giants,field,normal,1,Chennai Super Kings,12.0,0.0,MM Ali,"MA Chidambaram Stadium, Chepauk, Chennai",,,
957,IPL-2023,Delhi,04-04-2023,Delhi Capitals,Gujarat Titans,Gujarat Titans,field,normal,1,Gujarat Titans,0.0,6.0,B Sai Sudharsan,"Arun Jaitley Stadium, Delhi",,,
958,IPL-2023,Guwahati,05-04-2023,Punjab Kings,Rajasthan Royals,Rajasthan Royals,field,normal,1,Punjab Kings,5.0,0.0,NT Ellis,"Barsapara Cricket Stadium, Guwahati",,,
959,IPL-2023,Kolkata,06-04-2023,Kolkata Knight Riders,Royal Challengers Bangalore,Royal Challengers Bangalore,field,normal,1,Kolkata Knight Riders,81.0,0.0,SN Thakur,"Eden Gardens, Kolkata",,,
960,IPL-2023,Lucknow,07-04-2023,Sunrisers Hyderabad,Lucknow Super Giants,Sunrisers Hyderabad,bat,normal,1,Lucknow Super Giants,0.0,5.0,KH Pandya,"Bharat Ratna Shri Atal Bihari Vajpayee Ekana Cricket Stadium, Lucknow",,,
961,IPL-2023,Guwahati,08-04-2023,Rajasthan Royals,Delhi Capitals,Delhi Capitals,field,normal,1,Rajasthan Royals,57.0,0.0,YBK Jaiswal,"Barsapara Cricket Stadium, Guwahati",,,
962,IPL-2023,Mumbai,08-04-2023,Mumbai Indians,Chennai Super Kings,Chennai Super Kings,field,normal,1,Chennai Super Kings,0.0,7.0,RA Jadeja,"Wankhede Stadium, Mumbai",,,
963,IPL-2023,Ahmedabad,09-04-2023,Gujarat Titans,Kolkata Knight Riders,Gujarat Titans,bat,normal,1,Kolkata Knight Riders,0.0,3.0,RK Singh,"Narendra Modi Stadium, Ahmedabad",,,
964,IPL-2023,Hyderabad,09-04-2023,Punjab Kings,Sunrisers Hyderabad,Sunrisers Hyderabad,field,normal,1,Sunrisers Hyderabad,0.0,8.0,S Dhawan,"Rajiv Gandhi International Stadium, Uppal, Hyderabad",,,
965,IPL-2023,Bengaluru,10-04-2023,Royal Challengers Bangalore,Lucknow Super Giants,Lucknow Super Giants,field,normal,1,Lucknow Super Giants,0.0,1.0,N Pooran,"M Chinnaswamy Stadium, Bengaluru",,,
966,IPL-2023,Delhi,11-04-2023,Delhi Capitals,Mumbai Indians,Mumbai Indians,field,normal,1,Mumbai Indians,0.0,6.0,RG Sharma,"Arun Jaitley Stadium, Delhi",,,
967,IPL-2023,Chennai,12-04-2023,Rajasthan Royals,Chennai Super Kings,Chennai Super Kings,field,normal,1,Rajasthan Royals,3.0,0.0,R Ashwin,"MA Chidambaram Stadium, Chepauk, Chennai",,,
968,IPL-2023,Chandigarh,13-04-2023,Punjab Kings,Gujarat Titans,Gujarat Titans,field,normal,1,Gujarat Titans,0.0,6.0,MM Sharma,"Punjab Cricket Association IS Bindra Stadium, Mohali, Chandigarh",,,
969,IPL-2023,Kolkata,14-04-2023,Sunrisers Hyderabad,Kolkata Knight Riders,Kolkata Knight Riders,field,normal,1,Sunrisers Hyderabad,23.0,0.0,HC Brook,"Eden Gardens, Kolkata",,,
970,IPL-2023,Bengaluru,15-04-2023,Royal Challengers Bangalore,Delhi Capitals,Delhi Capitals,field,normal,1,Royal Challengers Bangalore,23.0,0.0,V Kohli,"M Chinnaswamy Stadium, Bengaluru",,,
971,IPL-2023,Lucknow,15-04-2023,Lucknow Super Giants,Punjab Kings,Punjab Kings,field,normal,1,Punjab Kings,0.0,2.0,Sikandar Raza,"Bharat Ratna Shri Atal Bihari Vajpayee Ekana Cricket Stadium, Lucknow",,,
972,IPL-2023,Mumbai,16-04-2023,Kolkata Knight Riders,Mumbai Indians,Mumbai Indians,field,normal,1,Mumbai Indians,0.0,5.0,VR Iyer,"Wankhede Stadium, Mumbai",,,
973,IPL-2023,Ahmedabad,16-04-2023,Gujarat Titans,Rajasthan Royals,Rajasthan Royals,field,normal,1,Rajasthan Royals,0.0,3.0,SO Hetmyer,"Narendra Modi Stadium, Ahmedabad",,,
974,IPL-2023,Bengaluru,17-04-2023,Chennai Super Kings,Royal Challengers Bangalore,Royal Challengers Bangalore,field,normal,1,Chennai Super Kings,8.0,0.0,DP Conway,"M Chinnaswamy Stadium, Bengaluru",,,
975,IPL-2023,Hyderabad,18-04-2023,Mumbai Indians,Sunrisers Hyderabad,Sunrisers Hyderabad,field,normal,1,Mumbai Indians,14.0,0.0,C Green,"Rajiv Gandhi International Stadium, Uppal, Hyderabad",,,
976,IPL-2023,Jaipur,19-04-2023,Lucknow Super Giants,Rajasthan Royals,Rajasthan Royals,field,normal,1,Lucknow Super Giants,10.0,0.0,MP Stoinis,"Sawai Mansingh Stadium, Jaipur",,,
977,IPL-2023,Chandigarh,20-04-2023,Royal Challengers Bangalore,Punjab Kings,Punjab Kings,field,normal,1,Royal Challengers Bangalore,24.0,0.0,Mohammed Siraj,"Punjab Cricket Association IS Bindra Stadium, Mohali, Chandigarh",,,
978,IPL-2023,Delhi,20-04-2023,Kolkata Knight Riders,Delhi Capitals,Delhi Capitals,field,normal,1,Delhi Capitals,0.0,4.0,I Sharma,"Arun Jaitley Stadium, Delhi",,,
979,IPL-2023,Chennai,21-04-2023,Sunrisers Hyderabad,Chennai Super Kings,Chennai Super Kings,field,normal,1,Chennai Super Kings,0.0,7.0,RA Jadeja,"MA Chidambaram Stadium, Chepauk, Chennai",,,
980,IPL-2023,Lucknow,22-04-2023,Gujarat Titans,Lucknow Super Giants,Gujarat Titans,bat,normal,1,Gujarat Titans,7.0,0.0,MM Sharma,"Bharat Ratna Shri Atal Bihari Vajpayee Ekana Cricket Stadium, Lucknow",,,
981,IPL-2023,Mumbai,22-04-2023,Punjab Kings,Mumbai Indians,Mumbai Indians,field,normal,1,Punjab Kings,13.0,0.0,SM Curran,"Wankhede Stadium, Mumbai",,,
982,IPL-2023,Bengaluru,23-04-2023,Royal Challengers Bangalore,Rajasthan Royals,Rajasthan Royals,field,normal,1,Royal Challengers Bangalore,7.0,0.0,GJ Maxwell,"M Chinnaswamy Stadium, Bengaluru",,,
983,IPL-2023,Kolkata,23-04-2023,Chennai Super Kings,Kolkata Knight Riders,Kolkata Knight Riders,field,normal,1,Chennai Super Kings,49.0,0.0,AM Rahane,"Eden Gardens, Kolkata",,,
984,IPL-2023,Hyderabad,24-04-2023,Delhi Capitals,Sunrisers Hyderabad,Delhi Capitals,bat,normal,1,Delhi Capitals,7.0,0.0,AR Patel,"Rajiv Gandhi International Stadium, Uppal, Hyderabad",,,
985,IPL-2023,Ahmedabad,25-04-2023,Gujarat Titans,Mumbai Indians,Mumbai Indians,field,normal,1,Gujarat Titans,55.0,0.0,A Manohar,"Narendra Modi Stadium, Ahmedabad",,,
986,IPL-2023,Bengaluru,26-04-2023,Kolkata Knight Riders,Royal Challengers Bangalore,Royal Challengers Bangalore,field,normal,1,Kolkata Knight Riders,21.0,0.0,CV Varun,"M Chinnaswamy Stadium, Bengaluru",,,
987,IPL-2023,Jaipur,27-04-2023,Rajasthan Royals,Chennai Super Kings,Rajasthan Royals,bat,normal,1,Rajasthan Royals,32.0,0.0,YBK Jaiswal,"Sawai Mansingh Stadium, Jaipur",,,
988,IPL-2023,Chandigarh,28-04-2023,Lucknow Super Giants,Punjab Kings,Punjab Kings,field,normal,1,Lucknow Super Giants,56.0,0.0,MP Stoinis,"Punjab Cricket Association IS Bindra Stadium, Mohali, Chandigarh",,,
989,IPL-2023,Kolkata,29-04-2023,Kolkata Knight Riders,Gujarat Titans,Gujarat Titans,field,normal,1,Gujarat Titans,0.0,7.0,J Little,"Eden Gardens, Kolkata",,,
990,IPL-2023,Delhi,29-04-2023,Sunrisers Hyderabad,Delhi Capitals,Sunrisers Hyderabad,bat,normal,1,Sunrisers Hyderabad,9.0,0.0,MR Marsh,"Arun Jaitley Stadium, Delhi",,,
991,IPL-2023,Chennai,30-04-2023,Chennai Super Kings,Punjab Kings,Chennai Super Kings,bat,normal,1,Punjab Kings,0.0,4.0,DP Conway,"MA Chidambaram Stadium, Chepauk, Chennai",,,
992,IPL-2023,Mumbai,30-04-2023,Rajasthan Royals,Mumbai Indians,Rajasthan Royals,bat,normal,1,Mumbai Indians,0.0,6.0,YBK Jaiswal,"Wankhede Stadium, Mumbai",,,
993,IPL-2023,Lucknow,01-05-2023,Royal Challengers Bangalore,Lucknow Super Giants,Royal Challengers Bangalore,bat,normal,1,Royal Challengers Bangalore,18.0,0.0,F du Plessis,"Bharat Ratna Shri Atal Bihari Vajpayee Ekana Cricket Stadium, Lucknow",,,
994,IPL-2023,Ahmedabad,02-05-2023,Delhi Capitals,Gujarat Titans,Delhi Capitals,bat,normal,1,Delhi Capitals,5.0,0.0,Mohammed Shami,"Narendra Modi Stadium, Ahmedabad",,,
995,IPL-2023,Lucknow,03-05-2023,Lucknow Super Giants,Chennai Super Kings,Chennai Super Kings,field,no result,1,Unknown,0.0,0.0,Unknown,"Bharat Ratna Shri Atal Bihari Vajpayee Ekana Cricket Stadium, Lucknow",,,
996,IPL-2023,Chandigarh,03-05-2023,Punjab Kings,Mumbai Indians,Mumbai Indians,field,normal,1,Mumbai Indians,0.0,6.0,Ishan Kishan,"Punjab Cricket Association IS Bindra Stadium, Mohali, Chandigarh",,,
997,IPL-2023,Hyderabad,04-05-2023,Kolkata Knight Riders,Sunrisers Hyderabad,Kolkata Knight Riders,bat,normal,1,Kolkata Knight Riders,5.0,0.0,CV Varun,"Rajiv Gandhi International Stadium, Uppal, Hyderabad",,,
998,IPL-2023,Jaipur,05-05-2023,Rajasthan Royals,Gujarat Titans,Rajasthan Royals,bat,normal,1,Gujarat Titans,0.0,9.0,Rashid Khan,"Sawai Mansingh Stadium, Jaipur",,,
999,IPL-2023,Chennai,06-05-2023,Mumbai Indians,Chennai Super Kings,Chennai Super Kings,field,normal,1,Chennai Super Kings,0.0,6.0,M Pathirana,"MA Chidambaram Stadium, Chepauk, Chennai",,,
1000,IPL-2023,Delhi,06-05-2023,Royal Challengers Bangalore,Delhi Capitals,Royal Challengers Bangalore,bat,normal,1,Delhi Capitals,0.0,7.0,PD Salt,"Arun Jaitley Stadium, Delhi",,,
1001,IPL-2023,Ahmedabad,07-05-2023,Gujarat Titans,Lucknow Super Giants,Lucknow Super Giants,field,normal,1,Gujarat Titans,56.0,0.0,Shubman Gill,"Narendra Modi Stadium, Ahmedabad",,,
1002,IPL-2023,Jaipur,07-05-2023,Rajasthan Royals,Sunrisers Hyderabad,Rajasthan Royals,bat,normal,1,Sunrisers Hyderabad,0.0,4.0,GD Phillips,"Sawai Mansingh Stadium, Jaipur",,,
1003,IPL-2023,Kolkata,08-05-2023,Punjab Kings,Kolkata Knight Riders,Punjab Kings,bat,normal,1,Kolkata Knight Riders,0.0,5.0,AD Russell,"Eden Gardens, Kolkata",,,
1004,IPL-2023,Mumbai,09-05-2023,Royal Challengers Bangalore,Mumbai Indians,Mumbai Indians,field,normal,1,Mumbai Indians,0.0,6.0,SA Yadav,"Wankhede Stadium, Mumbai",,,
1005,IPL-2023,Chennai,10-05-2023,Chennai Super Kings,Delhi Capitals,Chennai Super Kings,bat,normal,1,Chennai Super Kings,27.0,0.0,RA Jadeja,"MA Chidambaram Stadium, Chepauk, Chennai",,,
1006,IPL-2023,Kolkata,11-05-2023,Kolkata Knight Riders,Rajasthan Royals,Rajasthan Royals,field,normal,1,Rajasthan Royals,0.0,9.0,YBK Jaiswal,"Eden Gardens, Kolkata",,,
1007,IPL-2023,Mumbai,12-05-2023,Mumbai Indians,Gujarat Titans,Gujarat Titans,field,normal,1,Mumbai Indians,27.0,0.0,SA Yadav,"Wankhede Stadium, Mumbai",,,
1008,IPL-2023,Hyderabad,13-05-2023,Sunrisers Hyderabad,Lucknow Super Giants,Sunrisers Hyderabad,bat,normal,1,Lucknow Super Giants,0.0,7.0,PN Mankad,"Rajiv Gandhi International Stadium, Uppal, Hyderabad",,,
1009,IPL-2023,Delhi,13-05-2023,Punjab Kings,Delhi Capitals,Delhi Capitals,field,normal,1,Punjab Kings,31.0,0.0,P Simran Singh,"Arun Jaitley Stadium, Delhi",,,
1010,IPL-2023,Jaipur,14-05-2023,Royal Challengers Bangalore,Rajasthan Royals,Royal Challengers Bangalore,bat,normal,1,Royal Challengers Bangalore,112.0,0.0,WD Parnell,"Sawai Mansingh Stadium, Jaipur",,,
1011,IPL-2023,Chennai,14-05-2023,Chennai Super Kings,Kolkata Knight Riders,Chennai Super Kings,bat,normal,1,Kolkata Knight Riders,0.0,6.0,RK Singh,"MA Chidambaram Stadium, Chepauk, Chennai",,,
1012,IPL-2023,Ahmedabad,15-05-2023,Gujarat Titans,Sunrisers Hyderabad,Sunrisers Hyderabad,field,normal,1,Gujarat Titans,34.0,0.0,Shubman Gill,"Narendra Modi Stadium, Ahmedabad",,,
1013,IPL-2023,Lucknow,16-05-2023,Lucknow Super Giants,Mumbai Indians,Mumbai Indians,field,normal,1,Lucknow Super Giants,5.0,0.0,MP Stoinis,"Bharat Ratna Shri Atal Bihari Vajpayee Ekana Cricket Stadium, Lucknow",,,
1014,IPL-2023,Dharamsala,17-05-2023,Delhi Capitals,Punjab Kings,Punjab Kings,field,normal,1,Delhi Capitals,15.0,0.0,RR Rossouw,"Himachal Pradesh Cricket Association Stadium, Dharamsala",,,
1015,IPL-2023,Hyderabad,18-05-2023,Sunrisers Hyderabad,Royal Challengers Bangalore,Royal Challengers Bangalore,field,normal,1,Royal Challengers Bangalore,0.0,8.0,V Kohli,"Rajiv Gandhi International Stadium, Uppal, Hyderabad",,,
1016,IPL-2023,Dharamsala,19-05-2023,Punjab Kings,Rajasthan Royals,Rajasthan Royals,field,normal,1,Rajasthan Royals,0.0,4.0,D Padikkal,"Himachal Pradesh Cricket Association Stadium, Dharamsala",,,
1017,IPL-2023,Delhi,20-05-2023,Chennai Super Kings,Delhi Capitals,Chennai Super Kings,bat,normal,1,Chennai Super Kings,77.0,0.0,RD Gaikwad,"Arun Jaitley Stadium, Delhi",,,
1018,IPL-2023,Kolkata,20-05-2023,Lucknow Super Giants,Kolkata Knight Riders,Kolkata Knight Riders,field,normal,1,Lucknow Super Giants,1.0,0.0,N Pooran,"Eden Gardens, Kolkata",,,
1019,IPL-2023,Mumbai,21-05-2023,Sunrisers Hyderabad,Mumbai Indians,Mumbai Indians,field,normal,1,Mumbai Indians,0.0,8.0,C Green,"Wankhede Stadium, Mumbai",,,
1020,IPL-2023,Bengaluru,21-05-2023,Royal Challengers Bangalore,Gujarat Titans,Gujarat Titans,field,normal,1,Gujarat Titans,0.0,6.0,Shubman Gill,"M Chinnaswamy Stadium, Bengaluru",,,
1021,IPL-2023,Chennai,23-05-2023,Chennai Super Kings,Gujarat Titans,Gujarat Titans,field,normal,1,Chennai Super Kings,15.0,0.0,RD Gaikwad,"MA Chidambaram Stadium, Chepauk, Chennai",,,
1022,IPL-2023,Chennai,24-05-2023,Mumbai Indians,Lucknow Super Giants,Mumbai Indians,bat,normal,1,Mumbai Indians,81.0,0.0,Akash Madhwal,"MA Chidambaram Stadium, Chepauk, Chennai",,,
1023,IPL-2023,Ahmedabad,26-05-2023,Gujarat Titans,Mumbai Indians,Mumbai Indians,field,normal,1,Gujarat Titans,62.0,0.0,Shubman Gill,"Narendra Modi Stadium, Ahmedabad",,,
1024,IPL-2023,Ahmedabad,29-05-2023,Gujarat Titans,Chennai Super Kings,Chennai Super Kings,field,normal,1,Chennai Super Kings,0.0,5.0,DP Conway,"Narendra Modi Stadium, Ahmedabad",,,
1025,IPL-2024,Chennai,22-03-2024,Royal Challengers Bangalore,Chennai Super Kings,Royal Challengers Bangalore,bat,normal,1,Chennai Super Kings,0.0,6.0,Mustafizur Rahman,"MA Chidambaram Stadium, Chepauk, Chennai",,,
1026,IPL-2024,Mohali,23-03-2024,Delhi Capitals,Punjab Kings,Punjab Kings,field,normal,1,Punjab Kings,0.0,4.0,SM Curran,"Maharaja Yadavindra Singh International Cricket Stadium, Mullanpur",,,
1027,IPL-2024,Kolkata,23-03-2024,Kolkata Knight Riders,Sunrisers Hyderabad,Sunrisers Hyderabad,field,normal,1,Kolkata Knight Riders,4.0,0.0,AD Russell,"Eden Gardens, Kolkata",,,
1028,IPL-2024,Jaipur,24-03-2024,Rajasthan Royals,Lucknow Super Giants,Rajasthan Royals,bat,normal,1,Rajasthan Royals,20.0,0.0,SV Samson,"Sawai Mansingh Stadium, Jaipur",,,
1029,IPL-2024,Ahmedabad,24-03-2024,Gujarat Titans,Mumbai Indians,Mumbai Indians,field,normal,1,Gujarat Titans,6.0,0.0,B Sai Sudharsan,"Narendra Modi Stadium, Ahmedabad",,,
1030,IPL-2024,Bengaluru,25-03-2024,Punjab Kings,Royal Challengers Bangalore,Royal Challengers Bangalore,field,normal,1,Royal Challengers Bangalore,0.0,4.0,V Kohli,"M Chinnaswamy Stadium, Bengaluru",,,
1031,IPL-2024,Chennai,26-03-2024,Chennai Super Kings,Gujarat Titans,Gujarat Titans,field,normal,1,Chennai Super Kings,63.0,0.0,S Dube,"MA Chidambaram Stadium, Chepauk, Chennai",,,
1032,IPL-2024,Hyderabad,27-03-2024,Sunrisers Hyderabad,Mumbai Indians,Mumbai Indians,field,normal,1,Sunrisers Hyderabad,31.0,0.0,Abhishek Sharma,"Rajiv Gandhi International Stadium, Uppal, Hyderabad",,,
1033,IPL-2024,Jaipur,28-03-2024,Rajasthan Royals,Delhi Capitals,Delhi Capitals,field,normal,1,Rajasthan Royals,12.0,0.0,R Parag,"Sawai Mansingh Stadium, Jaipur",,,
1034,IPL-2024,Bengaluru,29-03-2024,Royal Challengers Bangalore,Kolkata Knight Riders,Kolkata Knight Riders,field,normal,1,Kolkata Knight Riders,0.0,7.0,SP Narine,"M Chinnaswamy Stadium, Bengaluru",,,
1035,IPL-2024,Lucknow,30-03-2024,Lucknow Super Giants,Punjab Kings,Lucknow Super Giants,bat,normal,1,Lucknow Super Giants,21.0,0.0,MP Yadav,"Bharat Ratna Shri Atal Bihari Vajpayee Ekana Cricket Stadium, Lucknow",,,
1036,IPL-2024,Ahmedabad,31-03-2024,Sunrisers Hyderabad,Gujarat Titans,Sunrisers Hyderabad,bat,normal,1,Gujarat Titans,0.0,7.0,MM Sharma,"Narendra Modi Stadium, Ahmedabad",,,
1037,IPL-2024,Visakhapatnam,31-03-2024,Delhi Capitals,Chennai Super Kings,Delhi Capitals,bat,normal,1,Delhi Capitals,20.0,0.0,KK Ahmed,"Dr. Y.S. Rajasekhara Reddy ACA-VDCA Cricket Stadium, Visakhapatnam",,,
1038,IPL-2024,Mumbai,01-04-2024,Mumbai Indians,Rajasthan Royals,Rajasthan Royals,field,normal,1,Rajasthan Royals,0.0,6.0,TA Boult,"Wankhede Stadium, Mumbai",,,
1039,IPL-2024,Bengaluru,02-04-2024,Lucknow Super Giants,Royal Challengers Bangalore,Royal Challengers Bangalore,field,normal,1,Lucknow Super Giants,28.0,0.0,MP Yadav,"M Chinnaswamy Stadium, Bengaluru",,,
1040,IPL-2024,Visakhapatnam,03-04-2024,Kolkata Knight Riders,Delhi Capitals,Kolkata Knight Riders,bat,normal,1,Kolkata Knight Riders,106.0,0.0,SP Narine,"Dr. Y.S. Rajasekhara Reddy ACA-VDCA Cricket Stadium, Visakhapatnam",,,
1041,IPL-2024,Ahmedabad,04-04-2024,Gujarat Titans,Punjab Kings,Punjab Kings,field,normal,1,Punjab Kings,0.0,3.0,Shashank Singh,"Narendra Modi Stadium, Ahmedabad",,,
1042,IPL-2024,Hyderabad,05-04-2024,Chennai Super Kings,Sunrisers Hyderabad,Sunrisers Hyderabad,field,normal,1,Sunrisers Hyderabad,0.0,6.0,Abhishek Sharma,"Rajiv Gandhi International Stadium, Uppal, Hyderabad",,,
1043,IPL-2024,Jaipur,06-04-2024,Royal Challengers Bangalore,Rajasthan Royals,Rajasthan Royals,field,normal,1,Rajasthan Royals,0.0,6.0,JC Buttler,"Sawai Mansingh Stadium, Jaipur",,,
1044,IPL-2024,Mumbai,07-04-2024,Mumbai Indians,Delhi Capitals,Delhi Capitals,field,normal,1,Mumbai Indians,29.0,0.0,R Shepherd,"Wankhede Stadium, Mumbai",,,
1045,IPL-2024,Lucknow,07-04-2024,Lucknow Super Giants,Gujarat Titans,Lucknow Super Giants,bat,normal,1,Lucknow Super Giants,33.0,0.0,Yash Thakur,"Bharat Ratna Shri Atal Bihari Vajpayee Ekana Cricket Stadium, Lucknow",,,
1046,IPL-2024,Chennai,08-04-2024,Kolkata Knight Riders,Chennai Super Kings,Chennai Super Kings,field,normal,1,Chennai Super Kings,0.0,7.0,RA Jadeja,"MA Chidambaram Stadium, Chepauk, Chennai",,,
1047,IPL-2024,Mohali,09-04-2024,Sunrisers Hyderabad,Punjab Kings,Punjab Kings,field,normal,1,Sunrisers Hyderabad,2.0,0.0,Nithish Kumar Reddy,"Maharaja Yadavindra Singh International Cricket Stadium, Mullanpur",,,
1048,IPL-2024,Jaipur,10-04-2024,Rajasthan Royals,Gujarat Titans,Gujarat Titans,field,normal,1,Gujarat Titans,0.0,3.0,Rashid Khan,"Sawai Mansingh Stadium, Jaipur",,,
1049,IPL-2024,Mumbai,11-04-2024,Royal Challengers Bangalore,Mumbai Indians,Mumbai Indians,field,normal,1,Mumbai Indians,0.0,7.0,JJ Bumrah,"Wankhede Stadium, Mumbai",,,
1050,IPL-2024,Lucknow,12-04-2024,Lucknow Super Giants,Delhi Capitals,Lucknow Super Giants,bat,normal,1,Delhi Capitals,0.0,6.0,Kuldeep Yadav,"Bharat Ratna Shri Atal Bihari Vajpayee Ekana Cricket Stadium, Lucknow",,,
1051,IPL-2024,Mohali,13-04-2024,Punjab Kings,Rajasthan Royals,Rajasthan Royals,field,normal,1,Rajasthan Royals,0.0,3.0,SO Hetmyer,"Maharaja Yadavindra Singh International Cricket Stadium, Mullanpur",,,
1052,IPL-2024,Kolkata,14-04-2024,Lucknow Super Giants,Kolkata Knight Riders,Kolkata Knight Riders,field,normal,1,Kolkata Knight Riders,0.0,8.0,PD Salt,"Eden Gardens, Kolkata",,,
1053,IPL-2024,Mumbai,14-04-2024,Chennai Super Kings,Mumbai Indians,Mumbai Indians,field,normal,1,Chennai Super Kings,20.0,0.0,M Pathirana,"Wankhede Stadium, Mumbai",,,
1054,IPL-2024,Bengaluru,15-04-2024,Sunrisers Hyderabad,Royal Challengers Bangalore,Royal Challengers Bangalore,field,normal,1,Sunrisers Hyderabad,25.0,0.0,TM Head,"M Chinnaswamy Stadium, Bengaluru",,,
1055,IPL-2024,Kolkata,16-04-2024,Kolkata Knight Riders,Rajasthan Royals,Rajasthan Royals,field,normal,1,Rajasthan Royals,0.0,2.0,JC Buttler,"Eden Gardens, Kolkata",,,
1056,IPL-2024,Ahmedabad,17-04-2024,Gujarat Titans,Delhi Capitals,Delhi Capitals,field,normal,1,Delhi Capitals,0.0,6.0,RR Pant,"Narendra Modi Stadium, Ahmedabad",,,
1057,IPL-2024,Mohali,18-04-2024,Mumbai Indians,Punjab Kings,Punjab Kings,field,normal,1,Mumbai Indians,9.0,0.0,JJ Bumrah,"Maharaja Yadavindra Singh International Cricket Stadium, Mullanpur",,,
1058,IPL-2024,Lucknow,19-04-2024,Chennai Super Kings,Lucknow Super Giants,Lucknow Super Giants,field,normal,1,Lucknow Super Giants,0.0,8.0,KL Rahul,"Bharat Ratna Shri Atal Bihari Vajpayee Ekana Cricket Stadium, Lucknow",,,
1059,IPL-2024,Delhi,20-04-2024,Sunrisers Hyderabad,Delhi Capitals,Delhi Capitals,field,normal,1,Sunrisers Hyderabad,67.0,0.0,TM Head,"Arun Jaitley Stadium, Delhi",,,
1060,IPL-2024,Kolkata,21-04-2024,Kolkata Knight Riders,Royal Challengers Bangalore,Royal Challengers Bangalore,field,normal,1,Kolkata Knight Riders,1.0,0.0,AD Russell,"Eden Gardens, Kolkata",,,
1061,IPL-2024,Mohali,21-04-2024,Punjab Kings,Gujarat Titans,Punjab Kings,bat,normal,1,Gujarat Titans,0.0,3.0,R Sai Kishore,"Maharaja Yadavindra Singh International Cricket Stadium, Mullanpur",,,
1062,IPL-2024,Jaipur,22-04-2024,Mumbai Indians,Rajasthan Royals,Mumbai Indians,bat,normal,1,Rajasthan Royals,0.0,9.0,Sandeep Sharma,"Sawai Mansingh Stadium, Jaipur",,,
1063,IPL-2024,Chennai,23-04-2024,Chennai Super Kings,Lucknow Super Giants,Lucknow Super Giants,field,normal,1,Lucknow Super Giants,0.0,6.0,MP Stoinis,"MA Chidambaram Stadium, Chepauk, Chennai",,,
1064,IPL-2024,Delhi,24-04-2024,Delhi Capitals,Gujarat Titans,Gujarat Titans,field,normal,1,Delhi Capitals,4.0,0.0,RR Pant,"Arun Jaitley Stadium, Delhi",,,
1065,IPL-2024,Hyderabad,25-04-2024,Royal Challengers Bangalore,Sunrisers Hyderabad,Royal Challengers Bangalore,bat,normal,1,Royal Challengers Bangalore,35.0,0.0,RM Patidar,"Rajiv Gandhi International Stadium, Uppal, Hyderabad",,,
1066,IPL-2024,Kolkata,26-04-2024,Kolkata Knight Riders,Punjab Kings,Punjab Kings,field,normal,1,Punjab Kings,0.0,8.0,JM Bairstow,"Eden Gardens, Kolkata",,,
1067,IPL-2024,Delhi,27-04-2024,Delhi Capitals,Mumbai Indians,Mumbai Indians,field,normal,1,Delhi Capitals,10.0,0.0,J Fraser-McGurk,"Arun Jaitley Stadium, Delhi",,,
1068,IPL-2024,Lucknow,27-04-2024,Lucknow Super Giants,Rajasthan Royals,Rajasthan Royals,field,normal,1,Rajasthan Royals,0.0,7.0,SV Samson,"Bharat Ratna Shri Atal Bihari Vajpayee Ekana Cricket Stadium, Lucknow",,,
1069,IPL-2024,Ahmedabad,28-04-2024,Gujarat Titans,Royal Challengers Bangalore,Royal Challengers Bangalore,field,normal,1,Royal Challengers Bangalore,0.0,9.0,WG Jacks,"Narendra Modi Stadium, Ahmedabad",,,
1070,IPL-2024,Chennai,28-04-2024,Chennai Super Kings,Sunrisers Hyderabad,Sunrisers Hyderabad,field,normal,1,Chennai Super Kings,78.0,0.0,RD Gaikwad,"MA Chidambaram Stadium, Chepauk, Chennai",,,
1071,IPL-2024,Kolkata,29-04-2024,Delhi Capitals,Kolkata Knight Riders,Delhi Capitals,bat,normal,1,Kolkata Knight Riders,0.0,7.0,CV Varun,"Eden Gardens, Kolkata",,,
1072,IPL-2024,Lucknow,30-04-2024,Mumbai Indians,Lucknow Super Giants,Lucknow Super Giants,field,normal,1,Lucknow Super Giants,0.0,4.0,MP Stoinis,"Bharat Ratna Shri Atal Bihari Vajpayee Ekana Cricket Stadium, Lucknow",,,
1073,IPL-2024,Chennai,01-05-2024,Chennai Super Kings,Punjab Kings,Punjab Kings,field,normal,1,Punjab Kings,0.0,7.0,Harpreet Brar,"MA Chidambaram Stadium, Chepauk, Chennai",,,
1074,IPL-2024,Hyderabad,02-05-2024,Sunrisers Hyderabad,Rajasthan Royals,Sunrisers Hyderabad,bat,normal,1,Sunrisers Hyderabad,1.0,0.0,B Kumar,"Rajiv Gandhi International Stadium, Uppal, Hyderabad",,,
1075,IPL-2024,Mumbai,03-05-2024,Kolkata Knight Riders,Mumbai Indians,Mumbai Indians,field,normal,1,Kolkata Knight Riders,24.0,0.0,VR Iyer,"Wankhede Stadium, Mumbai",,,
1076,IPL-2024,Bengaluru,04-05-2024,Gujarat Titans,Royal Challengers Bangalore,Royal Challengers Bangalore,field,normal,1,Royal Challengers Bangalore,0.0,4.0,Mohammed Siraj,"M Chinnaswamy Stadium, Bengaluru",,,
1077,IPL-2024,Dharamsala,05-05-2024,Chennai Super Kings,Punjab Kings,Punjab Kings,field,normal,1,Chennai Super Kings,28.0,0.0,RA Jadeja,"Himachal Pradesh Cricket Association Stadium, Dharamsala",,,
1078,IPL-2024,Lucknow,05-05-2024,Kolkata Knight Riders,Lucknow Super Giants,Lucknow Super Giants,field,normal,1,Kolkata Knight Riders,98.0,0.0,SP Narine,"Bharat Ratna Shri Atal Bihari Vajpayee Ekana Cricket Stadium, Lucknow",,,
1079,IPL-2024,Mumbai,06-05-2024,Sunrisers Hyderabad,Mumbai Indians,Mumbai Indians,field,normal,1,Mumbai Indians,0.0,7.0,SA Yadav,"Wankhede Stadium, Mumbai",,,
1080,IPL-2024,Delhi,07-05-2024,Delhi Capitals,Rajasthan Royals,Rajasthan Royals,field,normal,1,Delhi Capitals,20.0,0.0,Kuldeep Yadav,"Arun Jaitley Stadium, Delhi",,,
1081,IPL-2024,Hyderabad,08-05-2024,Lucknow Super Giants,Sunrisers Hyderabad,Lucknow Super Giants,bat,normal,1,Sunrisers Hyderabad,0.0,10.0,TM Head,"Rajiv Gandhi International Stadium, Uppal, Hyderabad",,,
1082,IPL-2024,Dharamsala,09-05-2024,Royal Challengers Bangalore,Punjab Kings,Punjab Kings,field,normal,1,Royal Challengers Bangalore,60.0,0.0,V Kohli,"Himachal Pradesh Cricket Association Stadium, Dharamsala",,,
1083,IPL-2024,Ahmedabad,10-05-2024,Gujarat Titans,Chennai Super Kings,Chennai Super Kings,field,normal,1,Gujarat Titans,35.0,0.0,Shubman Gill,"Narendra Modi Stadium, Ahmedabad",,,
1084,IPL-2024,Kolkata,11-05-2024,Kolkata Knight Riders,Mumbai Indians,Mumbai Indians,field,normal,1,Kolkata Knight Riders,18.0,0.0,CV Varun,"Eden Gardens, Kolkata",,,
1085,IPL-2024,Chennai,12-05-2024,Rajasthan Royals,Chennai Super Kings,Rajasthan Royals,bat,normal,1,Chennai Super Kings,0.0,5.0,Simarjeet Singh,"MA Chidambaram Stadium, Chepauk, Chennai",,,
1086,IPL-2024,Bengaluru,12-05-2024,Royal Challengers Bangalore,Delhi Capitals,Delhi Capitals,field,normal,1,Royal Challengers Bangalore,47.0,0.0,C Green,"M Chinnaswamy Stadium, Bengaluru",,,
1087,IPL-2024,Delhi,14-05-2024,Delhi Capitals,Lucknow Super Giants,Lucknow Super Giants,field,normal,1,Delhi Capitals,19.0,0.0,I Sharma,"Arun Jaitley Stadium, Delhi",,,
1088,IPL-2024,Guwahati,15-05-2024,Rajasthan Royals,Punjab Kings,Rajasthan Royals,bat,normal,1,Punjab Kings,0.0,5.0,SM Curran,"Barsapara Cricket Stadium, Guwahati",,,
1089,IPL-2024,Mumbai,17-05-2024,Lucknow Super Giants,Mumbai Indians,Mumbai Indians,field,normal,1,Lucknow Super Giants,18.0,0.0,N Pooran,"Wankhede Stadium, Mumbai",,,
1090,IPL-2024,Bengaluru,18-05-2024,Royal Challengers Bangalore,Chennai Super Kings,Chennai Super Kings,field,normal,1,Royal Challengers Bangalore,27.0,0.0,F du Plessis,"M Chinnaswamy Stadium, Bengaluru",,,
1091,IPL-2024,Hyderabad,19-05-2024,Punjab Kings,Sunrisers Hyderabad,Punjab Kings,bat,normal,1,Sunrisers Hyderabad,0.0,4.0,Abhishek Sharma,"Rajiv Gandhi International Stadium, Uppal, Hyderabad",,,
1092,IPL-2024,Ahmedabad,21-05-2024,Sunrisers Hyderabad,Kolkata Knight Riders,Sunrisers Hyderabad,bat,normal,1,Kolkata Knight Riders,0.0,8.0,MA Starc,"Narendra Modi Stadium, Ahmedabad",,,
1093,IPL-2024,Ahmedabad,22-05-2024,Royal Challengers Bangalore,Rajasthan Royals,Rajasthan Royals,field,normal,1,Rajasthan Royals,0.0,4.0,R Ashwin,"Narendra Modi Stadium, Ahmedabad",,,
1094,IPL-2024,Chennai,24-05-2024,Sunrisers Hyderabad,Rajasthan Royals,Rajasthan Royals,field,normal,1,Sunrisers Hyderabad,36.0,0.0,Shahbaz Ahmed,"MA Chidambaram Stadium, Chepauk, Chennai",,,
1095,IPL-2024,Chennai,26-05-2024,Sunrisers Hyderabad,Kolkata Knight Riders,Sunrisers Hyderabad,bat,normal,1,Kolkata Knight Riders,0.0,8.0,MA Starc,"MA Chidambaram Stadium, Chepauk, Chennai",,,
1096,IPL-2025,Kolkata,22-03-2025,Kolkata Knight Riders,Royal Challengers Bangalore,Royal Challengers Bangalore,field,normal,1,Royal Challengers Bangalore,0.0,7.0,KH Pandya,"Eden Gardens, Kolkata",,,
1097,IPL-2025,Hyderabad,23-03-2025,Sunrisers Hyderabad,Rajasthan Royals,Rajasthan Royals,field,normal,1,Sunrisers Hyderabad,44.0,0.0,Ishan Kishan,"Rajiv Gandhi International Stadium, Uppal, Hyderabad",,,
1098,IPL-2025,Chennai,23-03-2025,Mumbai Indians,Chennai Super Kings,Chennai Super Kings,field,normal,1,Chennai Super Kings,0.0,4.0,Noor Ahmad,"MA Chidambaram Stadium, Chepauk, Chennai",,,
1099,IPL-2025,Visakhapatnam,24-03-2025,Lucknow Super Giants,Delhi Capitals,Delhi Capitals,field,normal,1,Delhi Capitals,0.0,1.0,Ashutosh Sharma,"Dr. Y.S. Rajasekhara Reddy ACA-VDCA Cricket Stadium, Visakhapatnam",,,
1100,IPL-2025,Ahmedabad,25-03-2025,Punjab Kings,Gujarat Titans,Gujarat Titans,field,normal,1,Punjab Kings,11.0,0.0,SS Iyer,"Narendra Modi Stadium, Ahmedabad",,,
1101,IPL-2025,Guwahati,26-03-2025,Rajasthan Royals,Kolkata Knight Riders,Kolkata Knight Riders,field,normal,1,Kolkata Knight Riders,0.0,8.0,Q de Kock,"Barsapara Cricket Stadium, Guwahati",,,
1102,IPL-2025,Hyderabad,27-03-2025,Sunrisers Hyderabad,Lucknow Super Giants,Lucknow Super Giants,field,normal,1,Lucknow Super Giants,0.0,5.0,SN Thakur,"Rajiv Gandhi International Stadium, Uppal, Hyderabad",,,
1103,IPL-2025,Chennai,28-03-2025,Royal Challengers Bangalore,Chennai Super Kings,Chennai Super Kings,field,normal,1,Royal Challengers Bangalore,50.0,0.0,RM Patidar,"MA Chidambaram Stadium, Chepauk, Chennai",,,
1104,IPL-2025,Ahmedabad,29-03-2025,Gujarat Titans,Mumbai Indians,Mumbai Indians,field,normal,1,Gujarat Titans,36.0,0.0,M Prasidh Krishna,"Narendra Modi Stadium, Ahmedabad",,,
1105,IPL-2025,Visakhapatnam,30-03-2025,Sunrisers Hyderabad,Delhi Capitals,Sunrisers Hyderabad,bat,normal,1,Delhi Capitals,0.0,7.0,MA Starc,"Dr. Y.S. Rajasekhara Reddy ACA-VDCA Cricket Stadium, Visakhapatnam",,,
1106,IPL-2025,Guwahati,30-03-2025,Rajasthan Royals,Chennai Super Kings,Chennai Super Kings,field,normal,1,Rajasthan Royals,6.0,0.0,N Rana,"Barsapara Cricket Stadium, Guwahati",,,
1107,IPL-2025,Mumbai,31-03-2025,Kolkata Knight Riders,Mumbai Indians,Mumbai Indians,field,normal,1,Mumbai Indians,0.0,8.0,Ashwani Kumar,"Wankhede Stadium, Mumbai",,,
1108,IPL-2025,Lucknow,01-04-2025,Lucknow Super Giants,Punjab Kings,Punjab Kings,field,normal,1,Punjab Kings,0.0,8.0,P Simran Singh,"Bharat Ratna Shri Atal Bihari Vajpayee Ekana Cricket Stadium, Lucknow",,,
1109,IPL-2025,Bengaluru,02-04-2025,Royal Challengers Bangalore,Gujarat Titans,Gujarat Titans,field,normal,1,Gujarat Titans,0.0,8.0,Mohammed Siraj,"M Chinnaswamy Stadium, Bengaluru",,,
1110,IPL-2025,Kolkata,03-04-2025,Kolkata Knight Riders,Sunrisers Hyderabad,Sunrisers Hyderabad,field,normal,1,Kolkata Knight Riders,80.0,0.0,VG Arora,"Eden Gardens, Kolkata",,,
1111,IPL-2025,Lucknow,04-04-2025,Lucknow Super Giants,Mumbai Indians,Mumbai Indians,field,normal,1,Lucknow Super Giants,12.0,0.0,DS Rathi,"Bharat Ratna Shri Atal Bihari Vajpayee Ekana Cricket Stadium, Lucknow",,,
1112,IPL-2025,Chennai,05-04-2025,Delhi Capitals,Chennai Super Kings,Delhi Capitals,bat,normal,1,Delhi Capitals,25.0,0.0,KL Rahul,"MA Chidambaram Stadium, Chepauk, Chennai",,,
1113,IPL-2025,Mohali,05-04-2025,Rajasthan Royals,Punjab Kings,Punjab Kings,field,normal,1,Rajasthan Royals,50.0,0.0,JC Archer,"Maharaja Yadavindra Singh International Cricket Stadium, Mullanpur",,,
1114,IPL-2025,Hyderabad,06-04-2025,Sunrisers Hyderabad,Gujarat Titans,Gujarat Titans,field,normal,1,Gujarat Titans,0.0,7.0,Mohammed Siraj,"Rajiv Gandhi International Stadium, Uppal, Hyderabad",,,
1115,IPL-2025,Mumbai,07-04-2025,Royal Challengers Bangalore,Mumbai Indians,Mumbai Indians,field,normal,1,Royal Challengers Bangalore,12.0,0.0,RM Patidar,"Wankhede Stadium, Mumbai",,,
1116,IPL-2025,Kolkata,08-04-2025,Lucknow Super Giants,Kolkata Knight Riders,Kolkata Knight Riders,field,normal,1,Lucknow Super Giants,4.0,0.0,N Pooran,"Eden Gardens, Kolkata",,,
1117,IPL-2025,Mohali,08-04-2025,Punjab Kings,Chennai Super Kings,Punjab Kings,bat,normal,1,Punjab Kings,18.0,0.0,Priyansh Arya,"Maharaja Yadavindra Singh International Cricket Stadium, Mullanpur",,,
1118,IPL-2025,Ahmedabad,09-04-2025,Gujarat Titans,Rajasthan Royals,Rajasthan Royals,field,normal,1,Gujarat Titans,58.0,0.0,B Sai Sudharsan,"Narendra Modi Stadium, Ahmedabad",,,
1119,IPL-2025,Bengaluru,10-04-2025,Royal Challengers Bangalore,Delhi Capitals,Delhi Capitals,field,normal,1,Delhi Capitals,0.0,6.0,KL Rahul,"M Chinnaswamy Stadium, Bengaluru",,,
1120,IPL-2025,Chennai,11-04-2025,Chennai Super Kings,Kolkata Knight Riders,Kolkata Knight Riders,field,normal,1,Kolkata Knight Riders,0.0,8.0,SP Narine,"MA Chidambaram Stadium, Chepauk, Chennai",,,
1121,IPL-2025,Lucknow,12-04-2025,Gujarat Titans,Lucknow Super Giants,Lucknow Super Giants,field,normal,1,Lucknow Super Giants,0.0,6.0,AK Markram,"Bharat Ratna Shri Atal Bihari Vajpayee Ekana Cricket Stadium, Lucknow",,,
1122,IPL-2025,Hyderabad,12-04-2025,Punjab Kings,Sunrisers Hyderabad,Punjab Kings,bat,normal,1,Sunrisers Hyderabad,0.0,8.0,Abhishek Sharma,"Rajiv Gandhi International Stadium, Uppal, Hyderabad",,,
1123,IPL-2025,Jaipur,13-04-2025,Rajasthan Royals,Royal Challengers Bangalore,Royal Challengers Bangalore,field,normal,1,Royal Challengers Bangalore,0.0,9.0,PD Salt,"Sawai Mansingh Stadium, Jaipur",,,
1124,IPL-2025,Delhi,13-04-2025,Mumbai Indians,Delhi Capitals,Delhi Capitals,field,normal,1,Mumbai Indians,12.0,0.0,KV Sharma,"Arun Jaitley Stadium, Delhi",,,
1125,IPL-2025,Lucknow,14-04-2025,Lucknow Super Giants,Chennai Super Kings,Chennai Super Kings,field,normal,1,Chennai Super Kings,0.0,5.0,MS Dhoni,"Bharat Ratna Shri Atal Bihari Vajpayee Ekana Cricket Stadium, Lucknow",,,
1126,IPL-2025,Mohali,15-04-2025,Punjab Kings,Kolkata Knight Riders,Punjab Kings,bat,normal,1,Punjab Kings,16.0,0.0,YS Chahal,"Maharaja Yadavindra Singh International Cricket Stadium, Mullanpur",,,
1127,IPL-2025,Delhi,16-04-2025,Delhi Capitals,Rajasthan Royals,Rajasthan Royals,field,tie,1,Unknown,0.0,0.0,MA Starc,"Arun Jaitley Stadium, Delhi",,,
1128,IPL-2025,Mumbai,17-04-2025,Sunrisers Hyderabad,Mumbai Indians,Mumbai Indians,field,normal,1,Mumbai Indians,0.0,4.0,WG Jacks,"Wankhede Stadium, Mumbai",,,
1129,IPL-2025,Bengaluru,18-04-2025,Royal Challengers Bangalore,Punjab Kings,Punjab Kings,field,normal,1,Punjab Kings,0.0,5.0,TH David,"M Chinnaswamy Stadium, Bengaluru",,,
1130,IPL-2025,Ahmedabad,19-04-2025,Delhi Capitals,Gujarat Titans,Gujarat Titans,field,normal,1,Gujarat Titans,0.0,7.0,JC Buttler,"Narendra Modi Stadium, Ahmedabad",,,
1131,IPL-2025,Jaipur,19-04-2025,Lucknow Super Giants,Rajasthan Royals,Lucknow Super Giants,bat,normal,1,Lucknow Super Giants,2.0,0.0,Avesh Khan,"Sawai Mansingh Stadium, Jaipur",,,
1132,IPL-2025,Mohali,20-04-2025,Punjab Kings,Royal Challengers Bangalore,Royal Challengers Bangalore,field,normal,1,Royal Challengers Bangalore,0.0,7.0,V Kohli,"Maharaja Yadavindra Singh International Cricket Stadium, Mullanpur",,,
1133,IPL-2025,Mumbai,20-04-2025,Chennai Super Kings,Mumbai Indians,Mumbai Indians,field,normal,1,Mumbai Indians,0.0,9.0,RG Sharma,"Wankhede Stadium, Mumbai",,,
1134,IPL-2025,Kolkata,21-04-2025,Gujarat Titans,Kolkata Knight Riders,Kolkata Knight Riders,field,normal,1,Gujarat Titans,39.0,0.0,Shubman Gill,"Eden Gardens, Kolkata",,,
1135,IPL-2025,Lucknow,22-04-2025,Lucknow Super Giants,Delhi Capitals,Delhi Capitals,field,normal,1,Delhi Capitals,0.0,8.0,Mukesh Kumar,"Bharat Ratna Shri Atal Bihari Vajpayee Ekana Cricket Stadium, Lucknow",,,
1136,IPL-2025,Hyderabad,23-04-2025,Sunrisers Hyderabad,Mumbai Indians,Mumbai Indians,field,normal,1,Mumbai Indians,0.0,7.0,TA Boult,"Rajiv Gandhi International Stadium, Uppal, Hyderabad",,,
1137,IPL-2025,Bengaluru,24-04-2025,Royal Challengers Bangalore,Rajasthan Royals,Rajasthan Royals,field,normal,1,Royal Challengers Bangalore,11.0,0.0,JR Hazlewood,"M Chinnaswamy Stadium, Bengaluru",,,
1138,IPL-2025,Chennai,25-04-2025,Chennai Super Kings,Sunrisers Hyderabad,Sunrisers Hyderabad,field,normal,1,Sunrisers Hyderabad,0.0,5.0,HV Patel,"MA Chidambaram Stadium, Chepauk, Chennai",,,
1139,IPL-2025,Kolkata,26-04-2025,Punjab Kings,Kolkata Knight Riders,Punjab Kings,bat,no result,1,Unknown,0.0,0.0,Unknown,"Eden Gardens, Kolkata",,,
1140,IPL-2025,Mumbai,27-04-2025,Mumbai Indians,Lucknow Super Giants,Lucknow Super Giants,field,normal,1,Mumbai Indians,54.0,0.0,WG Jacks,"Wankhede Stadium, Mumbai",,,
1141,IPL-2025,Delhi,27-04-2025,Delhi Capitals,Royal Challengers Bangalore,Royal Challengers Bangalore,field,normal,1,Royal Challengers Bangalore,0.0,6.0,KH Pandya,"Arun Jaitley Stadium, Delhi",,,
1142,IPL-2025,Jaipur,28-04-2025,Gujarat Titans,Rajasthan Royals,Rajasthan Royals,field,normal,1,Rajasthan Royals,0.0,8.0,V Suryavanshi,"Sawai Mansingh Stadium, Jaipur",,,
1143,IPL-2025,Delhi,29-04-2025,Kolkata Knight Riders,Delhi Capitals,Delhi Capitals,field,normal,1,Kolkata Knight Riders,14.0,0.0,SP Narine,"Arun Jaitley Stadium, Delhi",,,
1144,IPL-2025,Chennai,30-04-2025,Chennai Super Kings,Punjab Kings,Punjab Kings,field,normal,1,Punjab Kings,0.0,4.0,SS Iyer,"MA Chidambaram Stadium, Chepauk, Chennai",,,
1145,IPL-2025,Jaipur,01-05-2025,Mumbai Indians,Rajasthan Royals,Rajasthan Royals,field,normal,1,Mumbai Indians,100.0,0.0,RD Rickelton,"Sawai Mansingh Stadium, Jaipur",,,
1146,IPL-2025,Ahmedabad,02-05-2025,Gujarat Titans,Sunrisers Hyderabad,Sunrisers Hyderabad,field,normal,1,Gujarat Titans,38.0,0.0,M Prasidh Krishna,"Narendra Modi Stadium, Ahmedabad",,,
1147,IPL-2025,Bengaluru,03-05-2025,Royal Challengers Bangalore,Chennai Super Kings,Chennai Super Kings,field,normal,1,Royal Challengers Bangalore,2.0,0.0,R Shepherd,"M Chinnaswamy Stadium, Bengaluru",,,
1148,IPL-2025,Kolkata,04-05-2025,Kolkata Knight Riders,Rajasthan Royals,Kolkata Knight Riders,bat,normal,1,Kolkata Knight Riders,1.0,0.0,AD Russell,"Eden Gardens, Kolkata",,,
1149,IPL-2025,Dharamsala,04-05-2025,Punjab Kings,Lucknow Super Giants,Lucknow Super Giants,field,normal,1,Punjab Kings,37.0,0.0,P Simran Singh,"Himachal Pradesh Cricket Association Stadium, Dharamsala",,,
1150,IPL-2025,Hyderabad,05-05-2025,Delhi Capitals,Sunrisers Hyderabad,Sunrisers Hyderabad,field,no result,1,Unknown,0.0,0.0,Unknown,"Rajiv Gandhi International Stadium, Uppal, Hyderabad",,,
1151,IPL-2025,Mumbai,06-05-2025,Mumbai Indians,Gujarat Titans,Gujarat Titans,field,normal,1,Gujarat Titans,0.0,3.0,Shubman Gill,"Wankhede Stadium, Mumbai",,,
1152,IPL-2025,Kolkata,07-05-2025,Kolkata Knight Riders,Chennai Super Kings,Kolkata Knight Riders,bat,normal,1,Chennai Super Kings,0.0,2.0,Noor Ahmad,"Eden Gardens, Kolkata",,,
1153,IPL-2025,Dharamsala,08-05-2025,Punjab Kings,Delhi Capitals,Punjab Kings,bat,no result,1,Unknown,0.0,0.0,Unknown,"Himachal Pradesh Cricket Association Stadium, Dharamsala",,,
1154,IPL-2025,Jaipur,18-05-2025,Punjab Kings,Rajasthan Royals,Punjab Kings,bat,normal,1,Punjab Kings,10.0,0.0,Harpreet Brar,"Sawai Mansingh Stadium, Jaipur",,,
1155,IPL-2025,Delhi,18-05-2025,Delhi Capitals,Gujarat Titans,Gujarat Titans,field,normal,1,Gujarat Titans,0.0,10.0,B Sai Sudharsan,"Arun Jaitley Stadium, Delhi",,,
1156,IPL-2025,Lucknow,19-05-2025,Lucknow Super Giants,Sunrisers Hyderabad,Sunrisers Hyderabad,field,normal,1,Sunrisers Hyderabad,0.0,6.0,Abhishek Sharma,"Bharat Ratna Shri Atal Bihari Vajpayee Ekana Cricket Stadium, Lucknow",,,
1157,IPL-2025,Delhi,20-05-2025,Chennai Super Kings,Rajasthan Royals,Rajasthan Royals,field,normal,1,Rajasthan Royals,0.0,6.0,Akash Madhwal,"Arun Jaitley Stadium, Delhi",,,
1158,IPL-2025,Mumbai,21-05-2025,Mumbai Indians,Delhi Capitals,Delhi Capitals,field,normal,1,Mumbai Indians,59.0,0.0,SA Yadav,"Wankhede Stadium, Mumbai",,,
1159,IPL-2025,Ahmedabad,22-05-2025,Lucknow Super Giants,Gujarat Titans,Gujarat Titans,field,normal,1,Lucknow Super Giants,33.0,0.0,MR Marsh,"Narendra Modi Stadium, Ahmedabad",,,
1160,IPL-2025,Lucknow,23-05-2025,Sunrisers Hyderabad,Royal Challengers Bangalore,Royal Challengers Bangalore,field,normal,1,Sunrisers Hyderabad,42.0,0.0,Ishan Kishan,"Bharat Ratna Shri Atal Bihari Vajpayee Ekana Cricket Stadium, Lucknow",,,
1161,IPL-2025,Jaipur,24-05-2025,Punjab Kings,Delhi Capitals,Delhi Capitals,field,normal,1,Delhi Capitals,0.0,6.0,Sameer Rizvi,"Sawai Mansingh Stadium, Jaipur",,,
1162,IPL-2025,Ahmedabad,25-05-2025,Chennai Super Kings,Gujarat Titans,Chennai Super Kings,bat,normal,1,Chennai Super Kings,83.0,0.0,D Brevis,"Narendra Modi Stadium, Ahmedabad",,,
1163,IPL-2025,Delhi,25-05-2025,Sunrisers Hyderabad,Kolkata Knight Riders,Sunrisers Hyderabad,bat,normal,1,Sunrisers Hyderabad,110.0,0.0,H Klaasen,"Arun Jaitley Stadium, Delhi",,,
1164,IPL-2025,Jaipur,26-05-2025,Mumbai Indians,Punjab Kings,Punjab Kings,field,normal,1,Punjab Kings,0.0,7.0,JP Inglis,"Sawai Mansingh Stadium, Jaipur",,,
1165,IPL-2025,Lucknow,27-05-2025,Lucknow Super Giants,Royal Challengers Bangalore,Royal Challengers Bangalore,field,normal,1,Royal Challengers Bangalore,0.0,6.0,JM Sharma,"Bharat Ratna Shri Atal Bihari Vajpayee Ekana Cricket Stadium, Lucknow",,,
1166,IPL-2025,New Chandigarh,29-05-2025,Punjab Kings,Royal Challengers Bangalore,Royal Challengers Bangalore,field,normal,1,Royal Challengers Bangalore,0.0,8.0,Suyash Sharma,"Maharaja Yadavindra Singh International Cricket Stadium, Mullanpur",,,
1167,IPL-2025,New Chandigarh,30-05-2025,Mumbai Indians,Gujarat Titans,Mumbai Indians,bat,normal,1,Mumbai Indians,20.0,0.0,RG Sharma,"Maharaja Yadavindra Singh International Cricket Stadium, New Chandigarh",,,
1168,IPL-2025,Ahmedabad,01-06-2025,Mumbai Indians,Punjab Kings,Punjab Kings,field,normal,1,Punjab Kings,0.0,5.0,SS Iyer,"Narendra Modi Stadium, Ahmedabad",,,
1169,IPL-2025,Ahmedabad,03-06-2025,Royal Challengers Bangalore,Punjab Kings,Punjab Kings,field,normal,1,Royal Challengers Bangalore,6.0,0.0,KH Pandya,"Narendra Modi Stadium, Ahmedabad",,,
1170,IPL-2026,Bengaluru,28-03-2026,Sunrisers Hyderabad,Royal Challengers Bangalore,Royal Challengers Bangalore,field,normal,1,Royal Challengers Bangalore,0.0,6.0,JA Duffy,"M Chinnaswamy Stadium, Bengaluru",,,
1171,IPL-2026,Mumbai,29-03-2026,Kolkata Knight Riders,Mumbai Indians,Mumbai Indians,field,normal,1,Mumbai Indians,0.0,6.0,SN Thakur,"Wankhede Stadium, Mumbai",,,
1172,IPL-2026,Guwahati,30-03-2026,Chennai Super Kings,Rajasthan Royals,Rajasthan Royals,field,normal,1,Rajasthan Royals,0.0,8.0,N Burger,"Barsapara Cricket Stadium, Guwahati",,,
1173,IPL-2026,New Chandigarh,31-03-2026,Gujarat Titans,Punjab Kings,Punjab Kings,field,normal,1,Punjab Kings,0.0,3.0,C Connolly,"Maharaja Yadavindra Singh International Cricket Stadium, New Chandigarh",,,
1174,IPL-2026,Lucknow,01-04-2026,Lucknow Super Giants,Delhi Capitals,Delhi Capitals,field,normal,1,Delhi Capitals,0.0,6.0,Sameer Rizvi,"Bharat Ratna Shri Atal Bihari Vajpayee Ekana Cricket Stadium, Lucknow",,,
1175,IPL-2026,Kolkata,02-04-2026,Sunrisers Hyderabad,Kolkata Knight Riders,Kolkata Knight Riders,field,normal,1,Sunrisers Hyderabad,65.0,0.0,Nithish Kumar Reddy,"Eden Gardens, Kolkata",,,
1176,IPL-2026,Chennai,03-04-2026,Chennai Super Kings,Punjab Kings,Punjab Kings,field,normal,1,Punjab Kings,0.0,5.0,Priyansh Arya,"MA Chidambaram Stadium, Chepauk, Chennai",,,
1177,IPL-2026,Delhi,04-04-2026,Mumbai Indians,Delhi Capitals,Delhi Capitals,field,normal,1,Delhi Capitals,0.0,6.0,Sameer Rizvi,"Arun Jaitley Stadium, Delhi",,,
1178,IPL-2026,Ahmedabad,04-04-2026,Rajasthan Royals,Gujarat Titans,Rajasthan Royals,bat,normal,1,Rajasthan Royals,6.0,0.0,Ravi Bishnoi,"Narendra Modi Stadium, Ahmedabad",,,
1179,IPL-2026,Hyderabad,05-04-2026,Sunrisers Hyderabad,Lucknow Super Giants,Lucknow Super Giants,field,normal,1,Lucknow Super Giants,0.0,5.0,Mohammed Shami,"Rajiv Gandhi International Stadium, Uppal, Hyderabad",,,
1180,IPL-2026,Bengaluru,05-04-2026,Royal Challengers Bangalore,Chennai Super Kings,Chennai Super Kings,field,normal,1,Royal Challengers Bangalore,43.0,0.0,TH David,"M Chinnaswamy Stadium, Bengaluru",,,
1181,IPL-2026,Kolkata,06-04-2026,Kolkata Knight Riders,Punjab Kings,Kolkata Knight Riders,bat,no result,1,Unknown,0.0,0.0,Unknown,"Eden Gardens, Kolkata",,,
1182,IPL-2026,Guwahati,07-04-2026,Rajasthan Royals,Mumbai Indians,Mumbai Indians,field,normal,1,Rajasthan Royals,27.0,0.0,YBK Jaiswal,"Barsapara Cricket Stadium, Guwahati",,,
1183,IPL-2026,Delhi,08-04-2026,Gujarat Titans,Delhi Capitals,Delhi Capitals,field,normal,1,Gujarat Titans,1.0,0.0,Rashid Khan,"Arun Jaitley Stadium, Delhi",,,
1184,IPL-2026,Kolkata,09-04-2026,Kolkata Knight Riders,Lucknow Super Giants,Lucknow Super Giants,field,normal,1,Lucknow Super Giants,0.0,3.0,MD Choudhary,"Eden Gardens, Kolkata",,,
1185,IPL-2026,Guwahati,10-04-2026,Royal Challengers Bangalore,Rajasthan Royals,Rajasthan Royals,field,normal,1,Rajasthan Royals,0.0,6.0,V Suryavanshi,"Barsapara Cricket Stadium, Guwahati",,,
1186,IPL-2026,New Chandigarh,11-04-2026,Sunrisers Hyderabad,Punjab Kings,Punjab Kings,field,normal,1,Punjab Kings,0.0,6.0,SS Iyer,"Maharaja Yadavindra Singh International Cricket Stadium, New Chandigarh",,,
1187,IPL-2026,Chennai,11-04-2026,Chennai Super Kings,Delhi Capitals,Delhi Capitals,field,normal,1,Chennai Super Kings,23.0,0.0,SV Samson,"MA Chidambaram Stadium, Chepauk, Chennai",,,
1188,IPL-2026,Lucknow,12-04-2026,Lucknow Super Giants,Gujarat Titans,Gujarat Titans,field,normal,1,Gujarat Titans,0.0,7.0,M Prasidh Krishna,"Bharat Ratna Shri Atal Bihari Vajpayee Ekana Cricket Stadium, Lucknow",,,
1189,IPL-2026,Mumbai,12-04-2026,Royal Challengers Bangalore,Mumbai Indians,Mumbai Indians,field,normal,1,Royal Challengers Bangalore,18.0,0.0,PD Salt,"Wankhede Stadium, Mumbai",,,
1190,IPL-2026,Hyderabad,13-04-2026,Sunrisers Hyderabad,Rajasthan Royals,Rajasthan Royals,field,normal,1,Sunrisers Hyderabad,57.0,0.0,PP Hinge,"Rajiv Gandhi International Stadium, Uppal, Hyderabad",,,
1191,IPL-2026,Chennai,14-04-2026,Chennai Super Kings,Kolkata Knight Riders,Kolkata Knight Riders,field,normal,1,Chennai Super Kings,32.0,0.0,Noor Ahmad,"MA Chidambaram Stadium, Chepauk, Chennai",,,
1192,IPL-2026,Bengaluru,15-04-2026,Lucknow Super Giants,Royal Challengers Bangalore,Royal Challengers Bangalore,field,normal,1,Royal Challengers Bangalore,0.0,5.0,JR Hazlewood,"M Chinnaswamy Stadium, Bengaluru",,,
1193,IPL-2026,Mumbai,16-04-2026,Mumbai Indians,Punjab Kings,Punjab Kings,field,normal,1,Punjab Kings,0.0,7.0,Arshdeep Singh,"Wankhede Stadium, Mumbai",,,
